kommune_no,kommune_name,population,date,median_age,unemp_tot,unemp_immg,workers_ft_work,workers_pt_work,construction_ft_work,construction_pt_work,immigrants_total,marketplace,entertainment,sport,clinic,hairdresser,shops,place_of_worship,retail,nursing_home,restaurant,aerodrome,office,platform,kindergarten,schools,bakeries,residential,higher_education,idarea_1,idarea_2,area,pop_dens,urb_dens,sex
0301,Oslo,693494,2021-05-13,35,4.1,7.6,365503,86545,25724,1910,25.59,2,46,110,396,97,454,122,176,12,502,0,262,2122,326,243,53,47561,20,1,1,482.70403640676363,1436.6857280961465,98.53035486100936,0.4991881688954771
1101,Eigersund,14811,2021-05-13,40,2,6.7,3904,1679,570,47,11.01,0,0,0,10,0,12,8,0,0,3,0,0,25,14,11,0,593,0,2,2,1065.1525857821166,13.905050034802882,0.5567277476630956,0.5080008102086288
1103,Stavanger,143574,2021-05-13,37,3.1,6,62192,17479,3083,305,18.86,0,9,41,80,34,106,59,43,4,78,0,14,126,81,85,20,6879,4,3,3,781.5029866282069,183.71522880475445,8.802269623663797,0.5017273322467857
1106,Haugesund,37357,2021-05-13,40,2.5,5.5,14054,5291,844,90,15.21,0,4,8,23,0,28,7,13,0,13,0,3,16,27,22,0,224,3,4,4,366.3551611952014,101.96935639756263,0.6114285363667862,0.5119790133040661
1108,Sandnes,79537,2021-05-13,36,2.9,6.3,24779,8367,2717,305,18.16,0,6,20,43,7,48,26,21,0,29,0,2,93,45,44,4,4014,1,5,5,1133.8094373738288,70.1502363432664,3.5402774643483075,0.5092598413317072
1111,Sokndal,3280,2021-05-13,42,1.3,4.4,618,355,101,20,6.83,0,2,3,3,4,3,7,2,0,2,0,2,0,2,1,0,77,0,6,6,869.2007701416933,3.7735815621347286,0.0885871281354799,0.5039634146341463
1112,Lund,3202,2021-05-13,40,1.2,3.3,823,360,52,9,8.84,0,1,1,3,0,4,4,2,0,0,0,0,8,0,5,0,200,0,7,7,402.2905416874495,7.959421532927118,0.4971531251047544,0.5028107432854466
1114,Bjerkreim,2787,2021-05-13,37,1.3,5,517,281,111,20,9.15,0,0,1,1,0,3,2,0,0,0,0,0,0,1,2,0,13,0,8,8,640.1033343412893,4.3539845060610665,0.02030922087506059,0.5159669895945461
1119,Hå,18991,2021-05-13,35,2,5.7,4621,2072,1048,88,12.71,0,0,3,8,0,11,10,0,0,0,0,1,32,4,12,0,361,0,9,9,1059.3435059955782,17.92714062295792,0.3407770925642573,0.513927649939445
1120,Klepp,19588,2021-05-13,36,2.3,6.1,5487,1771,761,65,12.51,0,0,4,6,0,14,4,2,0,3,0,0,18,5,13,0,205,0,10,10,543.4368061409568,36.04466936845507,0.37722877376624914,0.513783949356749
1121,Time,18916,2021-05-13,36,2.1,4.7,4302,2047,700,81,10.24,0,1,5,9,0,11,11,1,2,5,0,0,17,8,14,0,195,0,11,11,186.206782239305,101.58598828956706,1.0472228651123692,0.510414463945866
1122,Gjesdal,12002,2021-05-13,35,2.5,6,2258,1108,230,20,12.73,0,2,4,7,5,8,7,10,2,7,0,0,0,10,7,0,493,0,12,12,633.6189562235121,18.94198379343663,0.7780701558210514,0.5074987502082986
1124,Sola,27153,2021-05-13,36,3.3,6.7,21399,3595,1443,150,16.83,0,0,5,14,1,15,12,5,0,2,1,1,12,10,12,0,580,0,13,13,561.2587354995823,48.37875703766255,1.0333914883012663,0.5141973262622914
1127,Randaberg,11221,2021-05-13,37,2.3,7.2,2161,898,222,28,11.31,0,0,3,7,1,5,6,3,3,0,0,5,7,5,5,2,869,0,14,14,89.44489426906776,125.4515430052948,9.715479090241617,0.5050352018536672
1130,Strand,12968,2021-05-13,37,1.9,4.6,2378,1310,323,36,9.9,0,2,6,4,2,9,5,5,0,6,0,0,17,4,9,1,228,1,15,15,395.04861575221656,32.82633955141821,0.5771441562093885,0.5087908698334361
1133,Hjelmeland,2574,2021-05-13,41,1.6,4.9,670,299,54,9,14.61,0,0,0,2,0,6,5,0,0,0,0,0,6,1,4,0,17,0,16,16,1152.5754917775814,2.2332593555587406,0.014749576163363866,0.5132090132090132
1134,Suldal,3804,2021-05-13,42.5,1.2,3.7,1118,604,125,23,10.15,0,1,3,3,2,9,7,1,2,1,0,0,0,0,8,1,179,0,17,17,1920.7074687213858,1.9805202311897716,0.09319482686197926,0.5018401682439537
1135,Sauda,4595,2021-05-13,43,1,2.7,1188,534,144,27,8.62,0,1,3,4,5,3,7,1,2,2,0,0,0,1,6,1,293,0,18,18,565.6451564756212,8.123467420158207,0.5179925906651479,0.4988030467899891
1144,Kvitsøy,517,2021-05-13,46,NA,NA,224,66,101,3,8.9,0,0,0,2,1,1,2,1,0,0,0,0,0,1,1,0,0,0,19,19,362.8091538799133,1.4249916091453485,0,0.5203094777562862
1145,Bokn,852,2021-05-13,44,NA,NA,164,90,0,0,8.69,0,0,0,1,0,1,1,0,0,1,0,0,1,1,1,0,4,0,20,20,188.96607417395637,4.508745835592028,0.021167820824375717,0.5176056338028169
1146,Tysvær,11065,2021-05-13,37,1.9,5.2,3109,1025,406,46,7.85,0,1,3,8,0,9,6,7,0,1,0,0,10,1,12,0,179,0,21,21,638.1127206776799,17.340196553751344,0.2805147024962938,0.5096249435155897
1149,Karmøy,42186,2021-05-13,39,1.9,4.7,9830,4235,1479,155,9.01,0,0,8,19,0,27,13,9,0,0,1,1,24,3,31,0,379,0,22,22,1341.7216311287327,31.44169328514942,0.28247289989739793,0.5072061821457355
1151,Utsira,198,2021-05-13,43.5,NA,NA,35,38,3,0,12.63,0,0,0,1,0,1,1,1,0,0,0,0,0,1,1,0,147,0,23,23,855.5309420037765,0.23143522960871002,0.17182312501252714,0.5505050505050505
1160,Vindafjord,8714,2021-05-13,40,1.7,4.3,2802,1171,384,43,12.18,0,0,1,7,1,10,8,1,0,2,0,0,0,1,11,1,68,0,24,24,761.7791975682628,11.439010185387927,0.08926471110929297,0.5172136791370209
1505,Kristiansund,24179,2021-05-13,42,2.2,5.1,7322,2643,695,69,11.29,0,3,9,14,1,21,9,13,0,15,1,0,64,12,14,1,3988,1,25,25,667.4421563357831,36.22636024781719,5.975049616125355,0.5079200959510319
1506,Molde,31967,2021-05-13,41,1.9,5.7,12267,4290,1038,97,11.3,0,4,9,20,16,30,25,12,0,12,1,0,255,28,26,1,827,1,26,26,1991.8822090167394,16.048639751534303,0.41518519330931486,0.5021741170582162
1507,Ålesund,66258,2021-05-13,39,2.3,5.2,24178,8528,2018,202,13.68,0,6,5,38,12,62,24,11,0,19,0,19,47,6,50,2,971,1,27,27,2522.835789023075,26.263302704159464,0.38488434492044493,0.5134625252799662
1511,Vanylven,3117,2021-05-13,50,1.3,3.1,579,463,58,9,6.9,0,0,0,2,1,8,8,1,0,0,0,1,0,1,4,0,0,0,28,28,481.03823348472736,6.479734422396931,0,0.5155598331729226
1514,Sande,2461,2021-05-13,46,3.9,7.6,709,270,68,11,18.57,0,0,0,1,0,7,5,2,0,0,0,0,9,0,5,0,2,0,29,29,458.227194277531,5.37069827093122,0.004364647111687298,0.5225518082080455
1515,Herøy (Møre og Romsdal),8900,2021-05-13,43,2.8,6.5,2227,1110,178,28,12.26,0,0,1,3,0,10,6,0,0,1,0,1,51,2,11,0,173,0,30,30,1191.7812311181005,7.467813527865541,0.1451608696989594,0.513370786516854
1516,Ulstein,8571,2021-05-13,40,3.2,5.7,3713,991,246,23,14.41,0,1,0,3,0,6,1,18,1,2,0,20,1,5,6,0,2294,0,31,31,259.55734411657886,33.02160464452271,8.838124029230556,0.522692801306732
1517,Hareid,5175,2021-05-13,39,3.8,7.7,1149,429,99,11,15.79,0,0,0,3,0,2,1,5,0,0,0,3,20,3,5,0,1704,0,32,32,133.91200566523236,38.644780012757195,12.724773940432515,0.5105314009661835
1520,Ørsta,10825,2021-05-13,40,2,5.4,2660,1138,323,28,8.56,0,2,2,4,1,13,4,0,0,2,1,3,21,0,10,0,472,0,33,33,791.3888080707483,13.678485075356626,0.5964198573273282,0.5055889145496536
1525,Stranda,4523,2021-05-13,44,2,3.8,1714,466,257,24,17.22,0,2,1,1,2,7,4,3,1,14,0,1,7,3,5,2,64,0,34,34,933.5061083713617,4.845174508703576,0.06855873724453436,0.5116073402608888
1528,Sykkylven,7625,2021-05-13,42,1.1,2.8,2265,842,182,26,11.99,0,0,1,3,0,8,2,4,0,0,0,6,15,4,8,0,946,0,35,35,405.2594803526759,18.815105801755372,2.3343068968472895,0.5042622950819672
1531,Sula,9310,2021-05-13,38,1.8,3.9,1765,797,216,21,11.54,0,0,2,3,0,6,2,2,0,0,0,0,38,8,6,0,0,0,36,36,125.60212921225285,74.12294726522664,0,0.516219119226638
1532,Giske,8462,2021-05-13,37,2,5.3,1496,685,113,13,10.82,0,1,5,1,0,7,5,1,0,1,1,2,0,3,6,0,297,0,37,37,904.2650544373353,9.357875722915496,0.3284435227730918,0.5064996454738833
1535,Vestnes,6532,2021-05-13,44,2,5.6,1599,869,186,24,11.25,0,0,4,2,0,9,4,1,0,1,0,0,30,0,8,0,2,0,38,38,465.5377961961317,14.031084164105248,0.004296106602604179,0.5188303735456216
1539,Rauma,7468,2021-05-13,44,1.8,5.1,2082,782,271,22,9.48,0,1,2,1,1,12,13,5,0,2,0,0,13,5,7,0,354,0,39,39,1630.8184433976573,4.579295770313415,0.21706892108877196,0.5137921799678629
1547,Aukra,3509,2021-05-13,40,1.8,4.9,816,261,59,6,12.57,0,0,0,1,0,4,2,0,0,0,1,0,0,5,2,0,2,0,40,40,517.3139014260788,6.783115609935752,0.0038661245995644067,0.4961527500712454
1554,Averøy,5788,2021-05-13,44,1.6,5,1253,497,147,12,10.31,0,0,0,1,1,7,5,2,0,1,0,0,121,0,5,0,5,0,41,41,717.4170544393268,8.067831624832808,0.006969446807906709,0.513130615065653
1557,Gjemnes,2629,2021-05-13,43,1.6,5.4,441,230,51,5,8.71,0,0,0,2,0,4,3,0,0,1,0,1,17,4,4,0,8,0,42,42,476.160019433999,5.521253134870573,0.01680107458309798,0.5154050969950551
1560,Tingvoll,3025,2021-05-13,47,1.2,2,537,313,77,10,9.52,0,0,1,2,0,5,2,1,0,1,0,0,14,3,4,0,123,0,43,43,506.46991944563615,5.972714042545817,0.24285746354814397,0.5087603305785124
1563,Sunndal,7036,2021-05-13,46,1.4,3.2,2413,810,217,15,9.25,0,2,2,5,1,7,5,1,0,1,1,0,14,1,7,0,201,0,44,44,1795.466364688777,3.9187590134664583,0.11194863014592923,0.501847640704946
1566,Surnadal,5920,2021-05-13,46,1.1,3.2,1706,774,142,22,6.08,0,2,2,2,5,10,7,2,0,5,2,0,0,1,7,1,294,0,45,45,1448.2125310907293,4.087797801018418,0.20300887728030656,0.5118243243243243
1573,Smøla,2150,2021-05-13,47,1.1,2.8,647,278,38,11,12.05,0,0,0,1,0,5,4,0,0,1,0,0,0,0,1,0,15,0,46,46,2153.3504559801786,0.9984440730625738,0.00696588888183191,0.5088372093023256
1576,Aure,3507,2021-05-13,47,1,1.5,851,467,88,13,10.58,0,0,0,2,0,6,4,0,0,0,0,0,0,0,3,0,122,0,47,47,1051.0097624671084,3.336791079625916,0.11607884565564919,0.514114627887083
1577,Volda,10473,2021-05-13,39,1.6,2.6,2650,1677,341,34,9.89,0,1,1,5,2,12,8,6,0,1,0,9,15,3,10,1,1201,1,48,48,1002.4606211540117,10.44729316942515,1.1980520477876067,0.5021483815525637
1578,Fjord,2549,2021-05-13,47,1.8,4.4,641,344,136,19,12.16,0,0,1,4,1,6,5,2,0,0,0,0,1,1,3,1,20,0,49,49,1263.6674195120438,2.0171446700622213,0.015826949157020175,0.4919576304433111
1579,Hustadvika,13279,2021-05-13,40,2.1,5.1,2655,1195,342,41,8.63,0,0,6,3,0,13,7,7,0,2,0,0,198,4,11,3,52,0,50,50,1565.937833418232,8.479902405201953,0.03320693765121632,0.5081707959936742
1804,Bodø,52357,2021-05-13,38,1.8,4.6,19904,6363,2091,142,9.38,0,5,16,45,17,47,28,10,0,26,1,6,16,50,32,4,7908,1,51,51,4825.161302152383,10.850828961229723,1.6389089410280318,0.5028553966040835
1806,Narvik,21845,2021-05-13,43,1.7,5.6,0,0,0,0,10.54,0,1,4,22,4,23,19,17,0,9,1,1,15,21,18,1,583,1,52,52,4090.2324524930646,5.340772255299356,0.14253468641975392,0.5070725566491188
1811,Bindal,1426,2021-05-13,50,NA,NA,225,162,14,8,4.35,0,0,1,2,2,3,2,1,0,0,0,0,0,1,2,0,9,0,53,53,1911.5284181455816,0.7459998954048488,0.004708274234672959,0.520336605890603
1812,Sømna,1975,2021-05-13,46,0.9,2.8,411,240,27,6,7.19,0,0,1,3,0,2,1,2,0,2,0,0,0,1,6,0,4,0,54,54,788.0281264395813,2.5062557207485976,0.005075960953414882,0.509873417721519
1813,Brønnøy,7917,2021-05-13,42,1.7,5.2,2298,877,221,30,7.77,0,0,0,5,0,8,5,6,0,4,1,0,9,0,6,0,19,0,55,55,2092.629449611033,3.7832784975245235,0.009079486099907282,0.4975369458128079
1815,Vega,1200,2021-05-13,49,NA,NA,157,133,0,3,6.33,0,0,0,3,1,2,2,0,0,1,0,0,0,1,1,0,14,0,56,56,2920.5605484601756,0.41088002802499096,0.004793600326958228,0.5208333333333334
1816,Vevelstad,462,2021-05-13,50,0,NA,68,51,0,0,6.93,0,0,0,2,0,2,1,0,0,0,0,0,0,0,2,0,0,0,57,57,666.5968546735642,0.693072577166965,0,0.5303030303030303
1818,Herøy (Nordland),1777,2021-05-13,44,1.4,3.8,542,158,38,3,15.42,1,1,1,1,1,4,1,2,0,3,0,0,0,3,2,0,46,0,58,58,2262.683692269393,0.7853506020621606,0.020329841133854464,0.5177265053460889
1820,Alstahaug,7447,2021-05-13,43,1.4,3,2745,854,214,30,10.55,0,0,0,6,0,7,5,3,0,1,1,0,28,4,7,0,3,0,59,59,585.6178019368143,12.716485010138916,0.005122795089353665,0.5039613267087418
1822,Leirfjord,2294,2021-05-13,41,1.4,3.2,350,146,53,12,11.68,0,0,0,2,0,2,2,0,0,0,0,0,1,0,3,0,3,0,60,60,594.9929593777875,3.855507807014969,0.00504207646950519,0.518308631211857
1824,Vefsn,13278,2021-05-13,44,1.1,3.6,4667,1596,698,77,6.84,0,1,4,10,4,11,4,3,0,10,1,0,96,5,14,0,1535,0,61,61,2030.4238683302542,6.539521233524179,0.7559997811010405,0.5125771953607471
1825,Grane,1482,2021-05-13,46,1.2,3.6,320,166,65,3,10.8,0,0,0,2,0,2,3,0,0,2,1,0,43,0,2,0,160,0,62,62,2007.6066818096078,0.738192402639426,0.07969688557510672,0.5344129554655871
1826,Hattfjelldal,1297,2021-05-13,49,0.5,NA,264,177,20,4,6.25,0,0,0,2,0,2,4,0,0,0,1,0,1,0,5,0,25,0,63,63,2685.9586247049842,0.48288160065848285,0.009307663852322337,0.5219737856592136
1827,Dønna,1371,2021-05-13,48,1.7,2.9,231,143,7,3,9.04,0,0,0,1,0,5,4,0,0,0,0,0,4,1,3,0,4,0,64,64,759.1575240374241,1.8059493011524363,0.005268998690452039,0.5178701677607586
1828,Nesna,1761,2021-05-13,43,1.5,5.2,443,198,27,4,15.39,0,0,0,2,0,3,3,0,0,0,0,1,8,0,3,0,3,0,65,65,401.94789655909824,4.381164860110372,0.007463653935452082,0.5178875638841567
1832,Hemnes,4454,2021-05-13,45,1.3,3.9,820,516,149,27,6.04,0,0,1,3,0,4,4,0,0,0,0,0,2,0,5,0,9,0,66,66,1655.8520612558668,2.6898538246356996,0.005435268168325392,0.5184104176021553
1833,Rana,26184,2021-05-13,42,1.9,6.1,9388,2690,1122,66,7.33,0,2,4,15,3,19,6,2,0,6,1,1,17,1,14,0,247,0,67,67,4588.969032076215,5.705856765861289,0.0538247258313374,0.5059578368469294
1834,Lurøy,1890,2021-05-13,46,1.1,2.1,562,234,43,6,7.88,0,0,2,3,0,7,7,9,0,5,0,0,0,5,6,0,978,0,68,68,1337.5671323713798,1.413013189587882,0.7311782536597611,0.517989417989418
1835,Træna,435,2021-05-13,43,0.9,NA,109,48,4,6,20.23,0,1,2,2,1,2,1,0,0,0,0,3,0,1,2,1,6,0,69,69,1792.3375408803463,0.24269982080849575,0.003347583735289597,0.5287356321839081
1836,Rødøy,1213,2021-05-13,45,NA,NA,218,141,8,3,5.19,0,0,2,2,0,6,12,13,2,1,0,0,0,2,8,0,1031,0,70,70,3097.4359381586455,0.39161423326194783,0.33285595588876193,0.5111294311624073
1837,Meløy,6288,2021-05-13,44,1.4,2.8,1646,724,147,13,7.43,0,0,11,7,3,14,9,12,0,3,0,1,9,10,15,0,3419,0,71,71,2743.0535568110076,2.2923358475400097,1.2464211613771141,0.510178117048346
1838,Gildeskål,1950,2021-05-13,48,1.3,1.9,508,235,82,14,13.33,0,0,1,2,0,8,10,11,0,3,0,0,1,2,7,0,2328,0,72,72,1508.969505798642,1.2922726354022223,1.542774715495576,0.5025641025641026
1839,Beiarn,1017,2021-05-13,53,1.4,NA,233,149,58,0,5.11,0,0,0,1,1,2,5,2,1,4,0,2,0,1,2,0,1230,0,73,73,1234.638643738712,0.8237227995070182,0.9962429138580456,0.5250737463126843
1840,Saltdal,4671,2021-05-13,46,1.8,5.7,1192,610,138,19,8.07,0,0,0,4,0,4,3,0,0,1,1,0,5,1,5,0,189,0,74,74,2247.7518292542204,2.0780763869069063,0.08408401565519275,0.5086705202312138
1841,Fauske,9739,2021-05-13,44,1.3,2.9,2588,952,359,27,7.62,0,0,2,5,0,9,3,2,0,1,0,0,9,0,5,1,23,0,75,75,1292.8842180634322,7.532770424398652,0.01778968269444183,0.5041585378375604
1845,Sørfold,1926,2021-05-13,48,1.1,2.4,596,190,31,5,7.63,0,0,0,2,0,2,3,0,0,0,0,0,0,1,3,0,29,0,76,76,1840.772890845279,1.0462996329305918,0.015754252001550968,0.5171339563862928
1848,Steigen,2608,2021-05-13,47,1,1.2,625,306,47,3,10.54,0,0,0,2,1,6,4,0,0,1,1,0,3,1,6,0,20,0,77,77,3479.672263686914,0.7494958727051706,0.005747667735469099,0.5072852760736196
1851,Lødingen,2034,2021-05-13,51,1.7,3.6,462,253,55,15,12.73,0,0,1,2,0,5,2,1,0,3,0,0,2,0,2,0,1,0,78,78,1053.1602234071224,1.9313300624094234,9.495231378610734e-4,0.4916420845624385
1853,Evenes,1348,2021-05-13,50,1.8,4.6,346,165,59,5,9.87,0,0,0,1,0,3,2,4,0,2,1,7,22,1,2,0,274,0,79,79,392.1974201407928,3.4370445361830497,0.6986277469689582,0.505192878338279
1856,Røst,498,2021-05-13,48,4.7,NA,98,75,6,3,7.63,0,0,0,2,0,1,1,0,0,1,1,0,0,0,1,0,2,0,80,80,3367.3449547929026,0.1478909962257276,5.939397438784241e-4,0.5040160642570282
1857,Værøy,728,2021-05-13,45,5.7,11.9,177,100,12,3,16.21,0,0,1,2,1,1,2,0,0,0,0,0,0,1,1,0,15,0,81,81,1824.156919862705,0.39908847318617346,0.008222976782682146,0.5206043956043956
1859,Flakstad,1272,2021-05-13,49,3.8,NA,280,123,51,4,9.2,0,0,0,1,0,2,2,0,0,2,0,0,54,1,2,1,5,0,82,82,1172.9881483254376,1.0844099335666026,0.004262617663390734,0.5110062893081762
1860,Vestvågøy,11433,2021-05-13,40,3,9,3049,1414,493,53,9.67,0,3,13,8,0,11,10,1,0,7,1,0,140,6,10,1,919,0,83,83,2107.818571285261,5.424091122334418,0.43599577901034986,0.5010933263360448
1865,Vågan,9608,2021-05-13,42,2.6,6.7,2949,1042,394,36,14.39,0,2,2,6,2,14,12,2,0,17,1,0,18,2,15,2,36,0,84,84,2093.2650244009324,4.5899586951488365,0.017198013428950675,0.5074937552039966
1866,Hadsel,8061,2021-05-13,44,1.5,3.8,2396,834,161,14,10.95,0,0,2,6,0,10,6,4,0,1,1,0,7,2,9,0,33,0,85,85,1177.3681244962295,6.846626668654826,0.028028616805062554,0.5098622999627838
1867,Bø,2569,2021-05-13,51,2.5,5.7,491,283,80,10,9.77,0,0,2,3,2,3,4,2,0,1,0,0,0,0,4,0,34,0,86,86,1829.0631805747328,1.4045441553269704,0.018588750985253793,0.506033476060724
1868,Øksnes,4410,2021-05-13,45,2.5,9.7,1019,546,121,16,12.15,0,0,1,3,0,4,5,5,0,3,0,1,0,1,4,0,138,0,87,87,1811.5673498024544,2.43435608423882,0.07617712916665696,0.5108843537414965
1870,Sortland,10566,2021-05-13,40,1.7,4.7,3332,1222,497,55,8.61,0,1,2,7,0,9,5,1,0,2,0,0,26,2,11,0,7,0,88,88,1097.6094889788606,9.62637450395028,0.0063774958856380815,0.5090857467348098
1871,Andøy,4663,2021-05-13,48,2.1,8.8,1191,472,136,19,9.82,0,0,1,3,0,9,7,2,0,6,1,0,4,5,4,1,158,0,89,89,2791.131089172673,1.6706488699469049,0.0566078750700431,0.5114733004503539
1874,Moskenes,1015,2021-05-13,47,8.3,17.9,243,110,53,8,18.72,0,0,0,2,1,5,4,1,0,6,0,0,38,1,1,1,10,0,90,90,1590.8102256603183,0.6380396502534994,0.0062861049286059055,0.5359605911330049
1875,Hamarøy,2766,2021-05-13,47,1.5,3.4,0,0,0,0,11.46,0,0,2,3,0,7,5,1,0,1,0,0,3,1,6,1,29,0,91,91,2816.2068999211124,0.9821721550634228,0.010297538863643985,0.5278380332610267
3001,Halden,31373,2021-05-13,42,2.7,6.7,8071,3105,790,76,12.22,0,4,8,24,1,17,13,10,2,10,0,3,17,26,17,3,9751,1,92,92,659.8495146788599,47.545689285334745,14.777611838883724,0.5038090077455136
3002,Moss,49273,2021-05-13,43,2.7,6.4,12375,5018,1184,112,15.82,0,3,5,31,3,31,12,13,1,19,1,3,29,23,36,0,6786,2,93,93,244.43457491484378,201.57950247899976,27.762029992541397,0.4969049986808191
3003,Sarpsborg,56732,2021-05-13,41,3,7,18103,7471,2288,264,15.41,0,3,16,29,7,26,20,37,3,17,0,7,321,27,32,3,5742,0,94,94,426.1021274413385,133.14179006958912,13.475642645765719,0.5009342170203765
3004,Fredrikstad,82385,2021-05-13,42,3,7.6,20860,7559,2634,297,14.66,0,5,27,54,38,53,25,98,10,39,1,52,95,33,49,9,17625,1,95,95,556.1591219225764,148.13206644027483,31.690570747221507,0.49831886872610304
3005,Drammen,101386,2021-05-13,40,3.3,6.4,30409,10668,3907,338,20.8,0,4,38,51,14,58,31,58,2,38,0,19,53,42,52,5,1193,3,96,96,347.7919529088831,291.5133577761697,3.430211625145192,0.49872763497918843
3006,Kongsberg,27723,2021-05-13,41,2.2,5.1,10867,3393,675,75,14.35,0,3,11,21,0,18,10,9,0,15,0,0,24,11,26,1,622,2,97,97,790.6634248726243,35.062959949698154,0.7866811343906593,0.5079536846661616
3007,Ringerike,30641,2021-05-13,43,2.1,4.9,8684,3648,1122,113,13.38,0,1,4,27,1,15,15,4,0,15,1,6,21,8,22,0,1189,1,98,98,1560.629612332413,19.633742534339078,0.7618719974324977,0.5003426781110277
3011,Hvaler,4668,2021-05-13,51,2,3.1,603,321,109,17,5.83,0,1,1,2,0,6,2,2,0,4,0,0,11,4,4,0,211,0,99,99,520.8951172028927,8.961496942160387,0.40507194832815807,0.5072836332476436
3012,Aremark,1325,2021-05-13,49,NA,NA,90,120,0,4,3.92,0,1,0,1,0,1,2,0,0,2,0,0,0,1,1,0,16,0,100,100,316.25892407502533,4.189605096125836,0.0505914577645384,0.52
3013,Marker,3595,2021-05-13,48,1.6,3.7,588,296,89,16,8.48,0,0,1,1,0,2,2,0,0,0,0,0,3,2,1,0,450,0,101,101,412.3612539626335,8.718083877797511,1.0912761460386313,0.5121001390820584
3014,Indre Østfold,44792,2021-05-13,42,2.6,5.8,8753,4101,1345,145,15.28,0,4,17,29,2,31,16,28,1,13,2,3,573,37,30,1,9699,0,102,102,781.1627255428314,57.340165544732,12.416107019520354,0.5034157885336668
3015,Skiptvet,3805,2021-05-13,41,1.3,3.8,468,287,122,22,10.33,0,0,1,1,0,2,2,1,1,1,0,0,12,4,2,0,1026,0,103,103,99.76312231425212,38.14034596886729,10.28436135717683,0.5085413929040736
3016,Rakkestad,8255,2021-05-13,43,2.8,9.4,1687,899,236,26,12,0,0,2,5,0,5,0,4,0,0,1,0,22,1,4,2,93,0,104,104,443.93228170413323,18.595178454496118,0.20949141081382666,0.5069654754694125
3017,Råde,7508,2021-05-13,44,2.3,7.6,2022,779,549,72,12.71,0,0,3,5,5,5,4,2,1,1,0,0,42,2,14,0,1136,0,105,105,159.71634616053115,47.008338097427405,7.112609493697061,0.5185135855087907
3018,Våler (Viken),5736,2021-05-13,38,2.4,5.2,838,372,189,15,12.8,0,0,0,2,0,3,1,1,0,0,0,0,1,2,5,0,550,0,106,106,261.45397253147587,21.938851968712985,2.1036207431645995,0.5097629009762901
3019,Vestby,18042,2021-05-13,40,2.1,4.2,5189,1563,377,55,14.52,0,0,3,10,0,10,3,4,1,5,0,0,16,9,10,0,2087,0,107,107,155.77764891421924,115.81892605103467,13.397300668911948,0.5017182130584192
3020,Nordre Follo,59288,2021-05-13,41,2.6,5.8,16208,5371,1490,139,15.07,0,3,14,29,8,36,15,9,2,16,1,3,389,67,30,3,1866,0,108,108,214.29010971644556,276.67165824149083,8.707821385079981,0.500236135474295
3021,Ås,20439,2021-05-13,36,2.5,5.2,7009,2247,1152,59,19.61,0,1,4,15,3,10,7,2,4,6,0,3,115,11,13,1,614,3,109,109,104.4853412820239,195.6159567381957,5.876422400178686,0.5039385488526836
3022,Frogn,15877,2021-05-13,46,2.2,4.9,2432,1167,316,37,11.73,0,0,3,12,1,10,2,6,2,4,0,0,86,3,9,1,61,0,110,110,116.15885554382454,136.68350919667859,0.525142914971178,0.49348113623480505
3023,Nesodden,19616,2021-05-13,41,2.5,4.8,2540,1356,223,39,13.44,0,0,0,9,2,11,4,3,2,5,0,1,20,11,12,1,917,0,111,111,117.74763202711128,166.59358377146333,7.787842389805865,0.4923531810766721
3024,Bærum,127731,2021-05-13,40,2.7,5.8,55331,12096,4387,312,18.53,0,4,30,68,9,62,17,71,14,32,2,91,249,60,69,6,23354,1,112,112,215.81027028174267,591.8671054590951,108.21542445366987,0.4969114780280433
3025,Asker,94441,2021-05-13,41,2.6,5.8,23681,8250,2722,238,16.7,0,1,26,51,2,49,21,20,1,20,0,49,157,47,66,2,7401,0,113,113,530.5961283232906,177.99036773682863,13.94846212577449,0.500926504378395
3026,Aurskog-Høland,17390,2021-05-13,43,2.3,6.6,3321,1312,616,62,12.71,0,0,1,11,0,12,4,2,0,1,0,0,9,1,11,0,85,0,114,114,1146.2304758742957,15.171468885204478,0.07415611588512827,0.5032202415181138
3027,Rælingen,18530,2021-05-13,38,3.2,6.7,1908,744,263,30,19.56,0,0,3,3,0,6,3,6,0,0,0,0,76,5,11,0,586,0,115,115,68.61255546217251,270.0671892364651,8.540710895443526,0.5076092822450081
3028,Enebakk,11110,2021-05-13,40,2.9,5.7,1850,639,313,32,15.23,0,0,4,3,1,5,3,0,0,1,0,1,103,10,6,1,155,0,116,116,231.0620350322752,48.08232559039019,0.670815523538297,0.5121512151215122
3029,Lørenskog,41460,2021-05-13,39,3.5,6.8,15028,5313,1213,101,22.42,0,3,9,19,9,18,6,7,2,12,0,0,125,24,17,1,729,0,117,117,66.2849913344965,625.4809597964464,10.997964777896994,0.5055957549445248
3030,Lillestrøm,85983,2021-05-13,39,3.3,7,27819,7998,3093,293,19.87,1,3,17,50,25,45,14,39,0,38,1,24,291,33,38,0,4857,3,118,118,462.21349625652266,186.024425284805,10.508131067865717,0.5054952723212728
3031,Nittedal,24249,2021-05-13,40,2.3,5.2,5403,1545,663,47,14.55,0,0,4,8,1,11,4,6,1,4,0,9,167,10,19,1,5647,0,119,119,187.24570055258107,129.50364108996223,30.158235854468913,0.5016701719658543
3032,Gjerdrum,6890,2021-05-13,41,2.7,6.2,905,412,225,33,13.86,0,2,2,3,0,3,2,1,0,2,0,0,10,7,3,0,1405,0,120,120,81.81084310480904,84.21866513676093,17.17376262948463,0.5182873730043541
3033,Ullensaker,39625,2021-05-13,37,5.9,12.4,18815,6327,1136,91,21.67,0,1,6,18,1,24,11,14,0,10,1,6,84,15,22,0,775,0,121,121,254.74142569019625,155.54988707721978,3.0423006305323743,0.50796214511041
3034,Nes,23092,2021-05-13,41,2.8,7.3,3081,1596,341,39,12.98,0,1,5,14,2,14,6,6,0,5,2,0,141,8,14,0,743,0,122,122,639.4677783941631,36.1112800053645,1.1619037347993169,0.504633639355621
3035,Eidsvoll,25436,2021-05-13,39,4,9.9,3985,1943,539,46,14.52,0,1,6,7,3,13,4,5,1,3,0,0,57,6,14,0,1264,0,123,123,452.4703224368987,56.21584165566415,2.7935533831089594,0.5036169208995125
3036,Nannestad,14139,2021-05-13,38,5,10.7,2163,803,476,31,19.74,0,0,2,5,0,7,6,10,0,4,0,0,9,6,6,0,1175,0,124,124,343.363343019402,41.177954162687264,3.4220309881291135,0.5134733715255676
3037,Hurdal,2854,2021-05-13,45,3.9,9.2,437,294,38,5,9.57,0,0,0,2,0,3,2,1,0,0,0,0,0,1,1,0,459,0,125,125,275.06660644074736,10.375668776845094,1.6686867444190252,0.5070077084793273
3038,Hole,6799,2021-05-13,43,2.2,4.8,1183,710,139,18,13.46,0,0,1,4,0,3,3,1,1,2,0,0,12,1,7,0,416,0,126,126,193.3267939256115,35.16843093470079,2.1517969214348476,0.5078688042359171
3039,Flå,1050,2021-05-13,47,1.2,4.2,251,127,37,0,14.48,0,1,0,2,0,1,1,0,0,1,0,0,6,1,1,0,89,0,127,127,702.5913193811068,1.494467652866699,0.1266739248620345,0.5190476190476191
3040,Nesbyen,3273,2021-05-13,48,1.2,3.1,733,407,166,17,10.97,0,0,2,4,0,5,1,0,0,0,0,0,6,0,2,0,9,0,128,128,819.2024985998869,3.995349142115583,0.010986294616266497,0.5019859456156431
3041,Gol,4608,2021-05-13,45,2.9,5.9,1739,675,318,36,14.65,0,1,3,3,0,5,3,5,0,7,1,1,12,0,4,2,64,0,129,129,529.260665352087,8.706484916906794,0.12092340162370548,0.5013020833333334
3042,Hemsedal,2486,2021-05-13,39.5,3.8,6.8,616,289,90,12,22.04,0,3,1,3,0,4,2,4,0,6,0,0,0,0,3,1,304,0,130,130,750.7945789741738,3.3111586972253764,0.40490436200986096,0.5301689460981497
3043,Ål,4674,2021-05-13,45,1.1,3.5,1363,636,319,50,9.65,0,0,1,5,0,4,7,0,0,1,0,0,2,2,7,0,328,0,131,131,1175.7234979182488,3.975424500978202,0.27897715796338257,0.4959349593495935
3044,Hol,4441,2021-05-13,45,2.9,8.7,1276,569,212,24,15.92,0,0,2,4,0,8,7,1,0,3,1,0,7,0,5,1,924,0,132,132,1847.0173302307637,2.4044170714116406,0.500266015308344,0.5039405539292952
3045,Sigdal,3467,2021-05-13,47,1.5,5,753,425,127,17,8.88,0,0,2,2,0,5,5,0,0,1,0,0,1,0,4,0,131,0,133,133,841.5383587527708,4.119835969376821,0.1556672950644256,0.5137006057109893
3046,Krødsherad,2212,2021-05-13,45,2.9,5.9,602,272,199,50,12.7,0,0,1,2,0,4,4,0,0,1,0,0,5,1,2,0,155,0,134,134,371.419226285202,5.955534456639758,0.41731819203397946,0.5108499095840868
3047,Modum,14115,2021-05-13,43,2.4,7.2,3491,1476,1035,64,10.83,0,0,5,9,0,11,9,0,0,2,0,0,23,3,11,0,74,0,135,135,512.7942679688458,27.525658693317414,0.14430738528554649,0.5045696068012753
3048,Øvre Eiker,19423,2021-05-13,40,2.2,5,3980,1513,852,83,12.98,0,0,5,7,2,14,9,0,0,4,1,0,22,4,10,1,61,0,136,136,457.9172507444615,42.415960456661004,0.13321184100583439,0.510528754569325
3049,Lier,26811,2021-05-13,40,2.3,5.1,9621,2775,1485,114,17.62,0,1,5,11,3,14,5,6,0,7,1,6,24,8,15,1,552,0,137,137,309.29253265662715,86.68492501164019,1.784718160696184,0.5080750438252956
3050,Flesberg,2688,2021-05-13,44,1.7,4.4,334,285,67,10,9.78,0,0,1,2,0,6,4,0,0,3,0,0,0,1,1,0,77,0,138,138,560.724245007455,4.793800203813663,0.13732240167174556,0.5215773809523809
3051,Rollag,1390,2021-05-13,48,2.3,NA,237,227,57,9,7.84,0,0,1,1,0,2,3,0,0,1,0,0,0,0,1,0,68,0,139,139,447.55274074204254,3.105779215418008,0.15193740046649248,0.5079136690647482
3052,Nore og Uvdal,2439,2021-05-13,48,0.8,NA,664,342,144,17,10.29,0,0,11,2,0,6,6,4,0,0,0,0,0,0,3,0,51,0,140,140,2502.2736751033876,0.9747135272480644,0.02038146366939372,0.5211152111521116
3053,Jevnaker,6852,2021-05-13,43,2,5.4,1218,623,178,17,10.07,0,0,1,7,0,3,3,1,0,3,0,0,30,4,3,0,311,0,141,141,226.00156439223218,30.318374204296028,1.3760966692259289,0.4957676590776416
3054,Lunner,9048,2021-05-13,43,2.5,6.7,1052,599,229,32,10.7,0,0,0,4,0,7,5,3,1,1,0,0,102,2,6,0,121,0,142,142,292.0287296221487,30.98325295496461,0.4143427948221394,0.5039787798408488
3401,Kongsvinger,17829,2021-05-13,46,2,5.9,5186,2201,423,45,11.46,0,1,4,11,0,14,6,7,33,5,0,0,54,5,13,0,23,3,143,143,1037.38102608881,17.186549157564468,0.02217121715317644,0.491502608110382
3403,Hamar,31369,2021-05-13,43,2.1,5.7,13156,5029,1486,148,12.06,1,3,3,22,11,22,6,4,2,18,1,3,133,19,22,2,397,3,144,144,350.6905444745581,89.44923236239623,1.1320521931802514,0.4916637444610922
3405,Lillehammer,28345,2021-05-13,41,1.6,4.5,10505,4505,1009,64,11.46,0,4,11,16,12,24,16,16,0,15,0,2,373,28,18,4,8986,2,145,145,476.2540815925431,59.51655029436667,18.868079765220635,0.4890809666607867
3407,Gjøvik,30560,2021-05-13,42,2.3,5.3,10756,4452,1235,144,12.76,0,1,8,13,11,22,10,10,2,20,0,1,406,16,21,1,2481,5,146,146,669.9305655831384,45.616667711524954,3.703368867548868,0.5033704188481676
3411,Ringsaker,34768,2021-05-13,43,1.8,5.3,9102,3616,1018,92,9.39,0,3,9,15,0,22,12,7,14,14,1,1,44,15,22,0,1407,1,147,147,1279.1189150362088,27.181210121512276,1.0999759158124647,0.5055223193741372
3412,Løten,7674,2021-05-13,43,2.2,5.4,942,581,234,17,8.61,0,0,2,3,0,5,4,2,0,0,0,0,10,3,7,0,170,0,148,148,367.205099554738,20.898402580207257,0.4629565335724829,0.5078186082877247
3413,Stange,21064,2021-05-13,42,1.9,6.1,4002,2133,394,45,10.04,0,1,4,6,3,16,10,8,3,3,0,2,35,7,16,0,2156,0,149,149,729.5498511459975,28.872598585157782,2.955246987732633,0.5022312951006457
3414,Nord-Odal,5016,2021-05-13,48,1.7,5.4,841,467,86,6,4.76,0,1,0,2,0,4,3,1,0,1,0,0,1,1,3,0,61,0,150,150,503.9083588735664,9.95419089933879,0.12105375694969422,0.5099681020733652
3415,Sør-Odal,7905,2021-05-13,46,1.5,4.6,1352,677,196,28,8.24,0,0,0,5,0,6,5,1,0,3,1,0,29,2,3,0,80,0,151,151,516.8919238691547,15.293332387218845,0.15477123225521916,0.49993674889310563
3416,Eidskog,6106,2021-05-13,50,1.8,4.1,945,578,148,12,8.02,0,0,1,3,0,3,3,2,0,3,0,0,18,0,5,0,9,0,152,152,640.3317537732659,9.535682033601077,0.014055214265052357,0.5016377333770062
3417,Grue,4612,2021-05-13,52,2.2,5.7,911,495,54,11,8.24,0,0,0,4,0,4,5,1,0,1,0,0,0,1,2,0,62,0,153,153,835.5872829076915,5.519471268101497,0.07419931019564024,0.49501300954032956
3418,Åsnes,7203,2021-05-13,49,1.8,5.3,1403,872,145,19,6.73,0,0,0,7,0,7,6,2,0,0,1,0,0,1,13,0,37,0,154,154,1042.0974843307595,6.9120212919675215,0.03550531553558216,0.5029848674163543
3419,Våler (Innlandet),3662,2021-05-13,50,1.9,6.4,715,417,43,15,8.27,0,0,1,3,0,2,3,0,0,0,0,0,4,0,4,0,144,0,155,155,715.969831106584,5.114740650929536,0.20112579293660657,0.5062807209175314
3420,Elverum,21254,2021-05-13,42,2,4.6,6073,2726,546,48,10.11,0,2,3,11,0,18,5,10,0,3,1,0,87,6,11,0,1199,1,156,156,1222.4119337581385,17.38693758875331,0.980847754254033,0.49002540698221514
3421,Trysil,6627,2021-05-13,48,4.2,9.7,1644,797,229,15,11.27,0,0,5,2,0,13,8,7,0,14,2,0,8,0,6,0,553,0,157,157,3016.882284791662,2.1966385740031096,0.1833018155158774,0.5144107439263619
3422,Åmot,4356,2021-05-13,43,1.5,3.8,1098,450,102,9,7.16,0,0,2,3,0,6,5,1,0,2,2,1,2,0,4,0,61,1,158,158,1338.7146746496628,3.253867371805684,0.04556609496789411,0.5252525252525253
3423,Stor-Elvdal,2419,2021-05-13,51,2,4.8,475,294,31,3,11.95,0,0,2,3,0,6,6,6,1,4,1,0,15,0,6,0,193,1,159,159,2159.344405812543,1.1202474202301929,0.08937897978686533,0.5117817279867714
3424,Rendalen,1780,2021-05-13,53,1.8,4.7,249,157,29,3,7.36,0,0,0,1,0,4,4,0,1,0,0,0,2,1,2,0,288,0,160,160,3184.0827731049326,0.55903069324553,0.09044990991837788,0.5101123595505618
3425,Engerdal,1268,2021-05-13,51,NA,NA,270,134,79,12,8.91,0,0,1,3,0,5,6,0,0,3,1,0,0,0,1,0,88,0,161,161,2198.7240412815913,0.5766981104463245,0.04002321271236321,0.5094637223974764
3426,Tolga,1562,2021-05-13,43,1.2,1.9,315,184,81,7,12.8,0,0,1,3,1,2,4,1,0,2,0,0,18,2,2,0,524,0,162,162,1121.7050082398782,1.3925229793268108,0.46714599306481996,0.5211267605633803
3427,Tynset,5578,2021-05-13,43,1.6,5.6,1737,1022,258,24,11.24,0,1,3,5,0,7,4,0,0,1,1,0,5,1,7,0,506,1,163,163,1885.4012884855183,2.958521368403554,0.26837787960060927,0.5010756543564001
3428,Alvdal,2432,2021-05-13,42,0.9,3.3,767,314,180,17,7.65,0,0,5,2,0,3,1,2,0,2,0,0,3,1,5,0,1209,0,164,164,939.5410613650846,2.5884978315545695,1.2867984697160668,0.5115131578947368
3429,Folldal,1545,2021-05-13,50,NA,NA,266,192,36,6,5.63,0,0,0,2,0,3,3,0,0,1,1,0,1,1,1,0,211,0,165,165,1280.288323640772,1.2067594240072925,0.1648066268385364,0.516504854368932
3430,Os,1891,2021-05-13,48,0.8,2.2,338,214,61,5,11.11,0,0,0,2,0,3,4,2,0,1,0,0,2,0,2,0,109,0,166,166,1038.4672621866441,1.8209529263524629,0.10496238443808485,0.5150713907985193
3431,Dovre,2553,2021-05-13,49,2.2,4.6,685,361,152,11,8.42,0,0,1,3,0,5,3,1,0,5,0,1,8,1,4,0,2821,0,167,167,1363.2277813394521,1.872761129832262,2.069353367511481,0.5064629847238543
3432,Lesja,1975,2021-05-13,46,0.7,5.5,367,238,86,7,7.29,0,0,0,1,0,4,3,1,2,0,1,0,117,1,2,0,4647,0,168,168,2265.1700554863073,0.8718992179931448,2.0515016030451365,0.520506329113924
3433,Skjåk,2197,2021-05-13,48,1.7,6.8,450,292,59,3,6.19,0,0,1,3,0,4,2,0,0,1,0,0,118,1,1,0,286,0,169,169,2079.0808571650036,1.0567169585678302,0.1375607875058714,0.5025034137460173
3434,Lom,2228,2021-05-13,48,1.5,NA,500,306,69,12,5.34,0,0,0,5,0,3,3,1,0,4,0,0,118,0,3,1,106,0,170,170,1962.3597229380896,1.1353677788821448,0.054016599892956624,0.5224416517055656
3435,Vågå,3570,2021-05-13,46,2.1,7.7,783,440,205,24,5.35,0,0,1,3,0,7,1,1,0,2,0,0,44,2,3,0,733,0,171,171,1341.0315972618664,2.6621296674062465,0.5465941305906943,0.5033613445378151
3436,Nord-Fron,5723,2021-05-13,47,2.1,6.5,1323,764,349,41,7.29,1,1,6,8,0,9,6,5,1,5,0,0,16,2,6,2,1460,0,172,172,1142.1076520277618,5.010911177977896,1.278338340004845,0.5027083697361524
3437,Sel,5739,2021-05-13,47,2.1,7.5,1428,964,251,25,6.55,0,0,1,2,1,10,8,0,0,3,0,0,22,1,4,1,374,0,173,173,899.2164686109328,6.382222968920194,0.41591764948181786,0.5028750653423941
3438,Sør-Fron,3119,2021-05-13,46,2.7,8.1,549,302,114,11,10.07,0,1,0,1,0,4,2,0,0,1,1,0,7,0,3,0,418,0,174,174,738.319300336106,4.224459523921606,0.5661507152931169,0.5126643154857327
3439,Ringebu,4392,2021-05-13,47,2.3,9.7,1207,544,282,25,10.06,0,0,4,4,2,11,7,2,0,3,1,0,12,1,4,1,92,0,175,175,1250.8640829541966,3.51117284431679,0.0735491579410621,0.5022768670309654
3440,Øyer,5100,2021-05-13,44,2.3,7.2,1022,489,179,12,12.24,0,1,3,3,1,6,2,0,0,9,0,0,36,5,3,0,573,0,176,176,636.260008379673,8.015591004985334,0.900575224677764,0.5052941176470588
3441,Gausdal,6106,2021-05-13,46,1.3,5.8,1256,551,315,36,6.58,0,0,2,4,0,7,6,0,0,1,0,0,135,1,6,0,517,0,177,177,1193.6514161141226,5.115396268600596,0.4331247741347049,0.5101539469374385
3442,Østre Toten,14973,2021-05-13,45,1.8,4.5,2820,1339,290,31,8.82,0,0,4,8,4,10,7,0,0,2,0,0,66,4,12,0,1334,0,178,178,567.2131414405408,26.397484307174807,2.3518496003320104,0.5021705736993255
3443,Vestre Toten,13427,2021-05-13,44,2.2,5.7,4555,1411,212,24,8.75,0,0,6,11,6,12,4,1,0,5,2,4,57,6,7,0,480,0,179,179,242.88041592791424,55.282349335176825,1.9762812006319264,0.5103150368660162
3446,Gran,13630,2021-05-13,45,2.5,9.7,3250,1617,438,39,9.25,0,2,1,13,0,11,13,2,1,2,0,0,70,1,15,1,160,0,180,180,765.1377737271077,17.81378526589545,0.20911266636414325,0.501907556859868
3447,Søndre Land,5617,2021-05-13,47,2.3,7.4,662,645,41,10,8.19,0,0,0,4,0,5,5,0,0,0,1,0,7,2,3,0,310,0,181,181,718.6246607437298,7.816319571035553,0.43137957397561355,0.5098807192451487
3448,Nordre Land,6633,2021-05-13,46,2,6.7,1533,926,228,31,7.63,0,0,1,6,0,7,7,0,0,0,1,0,10,0,5,0,51,0,182,182,970.998538028758,6.83111224190489,0.052523251068468176,0.494949494949495
3449,Sør-Aurdal,2954,2021-05-13,48,1.2,6.5,558,435,150,20,7.45,1,0,1,2,1,7,8,0,0,0,0,0,18,2,4,0,183,0,183,183,1106.9179573239412,2.668671133623598,0.16532390570518568,0.516249153689912
3450,Etnedal,1279,2021-05-13,48,1.4,NA,169,153,19,0,8.44,0,0,0,1,0,2,2,0,0,1,0,0,1,1,1,0,5,0,184,184,459.05663592882536,2.786148592345593,0.010891902237472998,0.5215011727912432
3451,Nord-Aurdal,6413,2021-05-13,46,1.8,6,2221,1129,331,44,9.56,0,1,0,5,1,12,9,2,0,7,1,0,57,0,6,1,86,0,185,185,903.4326604603724,7.098481470364438,0.09519248502281953,0.5005457664119757
3452,Vestre Slidre,2125,2021-05-13,47,1.6,6.1,350,257,65,11,8.61,0,0,0,1,0,4,5,1,0,4,0,0,5,0,1,0,195,0,186,186,461.12856877391334,4.608259266282558,0.4228755562000465,0.512
3453,Øystre Slidre,3229,2021-05-13,44,2.3,8.1,654,452,118,22,11.03,0,0,0,1,1,5,5,0,0,6,0,0,16,2,3,1,186,0,187,187,962.5453608917117,3.3546470963286574,0.19323764630446896,0.5100650356147414
3454,Vang,1578,2021-05-13,45,1.6,5,299,270,82,13,15.34,0,0,2,2,0,3,6,2,0,1,0,0,29,1,2,0,87,0,188,188,1505.6368638915385,1.048061480057966,0.05778285726555325,0.526615969581749
3801,Horten,27351,2021-05-13,43,3.4,7,7136,2638,522,52,13.5,0,1,3,16,5,19,10,8,0,20,0,0,15,4,16,1,500,1,189,189,154.31925642352772,177.2364683052609,3.240036347944516,0.500639830353552
3802,Holmestrand,24699,2021-05-13,42,2.3,5,4061,2111,592,71,11.84,0,1,5,15,1,16,13,5,0,7,0,0,51,6,14,0,31,0,190,190,490.10603261295984,50.39521727231008,0.06325161890933287,0.5051621523138589
3803,Tønsberg,56293,2021-05-13,41,2.8,6.9,20678,8312,2143,159,12.18,0,2,16,42,2,30,19,16,1,29,1,1,22,11,38,1,8314,0,191,191,387.15067294081257,145.40333760082615,21.474843209871008,0.4986588030483364
3804,Sandefjord,63764,2021-05-13,42,2.6,5.8,19231,7027,2776,200,14.99,0,8,10,34,2,36,23,15,2,11,1,0,39,9,38,1,851,0,192,192,609.8294355528939,104.56038407229262,1.3954721605533063,0.5018035255002823
3805,Larvik,47204,2021-05-13,44,2,5.3,11335,4928,1780,178,11.79,0,3,21,33,4,35,35,22,1,24,0,1,85,26,24,4,5522,0,193,193,1555.7152979951063,30.342312671754986,3.5494926398913447,0.5011016015591899
3806,Porsgrunn,36397,2021-05-13,43,2.7,6.4,11477,4011,1251,126,11.27,0,2,6,22,0,20,12,8,1,9,0,0,66,5,25,0,43,1,194,194,194.04108027853536,187.57368258182285,0.22160255930484335,0.49743110695936477
3807,Skien,54942,2021-05-13,42,2.7,6.1,16510,6878,1804,185,13.43,1,6,5,24,1,36,25,17,1,11,1,3,45,56,31,1,402,0,195,195,784.627856638735,70.0230045812621,0.5123447970890641,0.4971424411197263
3808,Notodden,13049,2021-05-13,44,2,6,2905,1634,274,28,11.24,0,2,2,5,2,13,7,3,0,7,1,0,16,4,11,0,4794,3,196,196,990.0313085391341,13.18039125374205,4.842271106631879,0.5047130048279561
3811,Færder,26730,2021-05-13,44,2.5,6.6,4255,2055,679,65,11.13,1,1,5,11,3,15,9,6,0,10,0,3,10,26,13,3,7684,0,197,197,850.1423978915304,31.441791476691506,9.03848581020941,0.49255518144407034
3812,Siljan,2340,2021-05-13,43.5,1.7,3.4,246,166,3,0,7.78,0,0,0,2,0,2,2,1,0,0,0,0,0,0,2,0,17,0,198,198,215.9480241541662,10.83594077401451,0.07872264664882336,0.5128205128205128
3813,Bamble,14061,2021-05-13,44,2.2,5.8,2737,1470,417,36,8.38,0,0,0,8,5,13,5,4,0,9,0,0,26,10,9,0,23,0,199,199,373.9665215825128,37.59962239533666,0.06150283159752103,0.5031647820211934
3814,Kragerø,10380,2021-05-13,47,2.2,4.1,2301,1187,394,48,10.66,1,2,3,6,2,12,9,6,0,22,0,59,5,4,11,3,253,0,200,200,1058.3762510703548,9.807476301081511,0.23904542429418327,0.5003853564547206
3815,Drangedal,4060,2021-05-13,45,1.7,4.2,528,464,99,13,8.94,0,0,0,2,0,6,4,0,0,0,0,0,4,0,3,0,113,0,201,201,1061.6421714957064,3.824264059028499,0.10643887651975871,0.5096059113300493
3816,Nome,6515,2021-05-13,45,1.6,3.5,1163,661,91,18,11.91,0,0,0,2,0,5,7,1,2,2,1,0,2,1,6,0,43,0,202,202,428.4792210947877,15.20493802092391,0.10035492477355766,0.5082118188795088
3817,Midt-Telemark,10444,2021-05-13,39,1.8,4.9,2331,1368,288,35,12.67,0,0,14,6,0,12,9,4,0,5,0,0,29,2,8,2,215,1,203,203,512.9577689100322,20.360350564905424,0.41913781802514993,0.5087131367292225
3818,Tinn,5691,2021-05-13,47,1.9,5,1565,646,215,22,11.3,0,1,2,6,0,8,9,0,1,1,0,5,14,4,7,1,528,0,204,204,2050.815763128961,2.7749932989188433,0.2574585243066507,0.4934106483921982
3819,Hjartdal,1573,2021-05-13,47,1.2,NA,308,222,72,13,7.31,0,0,0,1,0,3,3,0,0,0,0,0,0,0,3,0,48,0,205,205,794.3019534152821,1.980355195195641,0.060430419179523694,0.5079465988556897
3820,Seljord,2888,2021-05-13,45,1.4,2.3,708,438,93,11,8.86,0,0,0,3,0,4,5,4,1,2,0,0,3,0,4,1,101,1,206,206,715.6531035721077,4.035474709164048,0.14112982881771777,0.5010387811634349
3821,Kviteseid,2403,2021-05-13,48,2.7,9.5,560,348,149,13,7.82,0,0,1,2,0,3,8,0,2,0,0,0,0,0,4,0,164,0,207,207,709.8009746229113,3.38545604459985,0.23105068302720574,0.5139409071993342
3822,Nissedal,1448,2021-05-13,46,1.1,4.1,305,203,74,7,11.46,0,0,0,2,0,5,4,2,0,0,0,0,0,0,3,1,86,0,208,208,908.6312921573584,1.593605692978085,0.09464785193101886,0.5041436464088398
3823,Fyresdal,1287,2021-05-13,46,NA,NA,215,211,32,18,10.96,0,0,0,1,0,3,3,0,0,1,1,0,0,1,2,0,109,0,209,209,1286.4890373958358,1.0003971760266208,0.08472672275594535,0.5112665112665112
3824,Tokke,2201,2021-05-13,47,1.3,NA,522,234,38,4,8.72,0,0,0,1,0,4,6,1,2,2,0,0,0,0,4,0,154,0,210,210,978.354677139825,2.2496953828999136,0.15740712810839924,0.5120399818264425
3825,Vinje,3676,2021-05-13,44,1.2,4.9,927,530,169,29,9.17,0,0,2,5,1,7,6,0,0,1,0,17,0,1,4,2,292,0,211,211,3116.7742317183656,1.1794245353386785,0.09368660618033028,0.5076169749727966
4201,Risør,6809,2021-05-13,47,2.3,4.4,1450,733,231,38,10.88,0,2,2,5,0,8,4,1,0,12,0,19,3,8,4,3,642,0,212,212,585.7925354233138,11.62356907651543,1.0959511451201214,0.5040387722132472
4202,Grimstad,23544,2021-05-13,38,2.4,4.4,5462,2494,623,77,12.91,0,4,6,8,2,21,11,13,0,13,0,5,0,26,15,4,768,2,213,213,938.614401624524,25.083783030870602,0.8182273771537811,0.5034403669724771
4203,Arendal,44999,2021-05-13,42,2.1,5.1,12895,5717,1215,179,12.17,0,4,9,24,7,39,21,9,0,35,0,2,33,55,24,13,145,0,214,214,924.3825486910567,48.68006223583455,0.15686146412578078,0.49972221604924555
4204,Kristiansand,111633,2021-05-13,37,2.5,5.5,37563,15303,4550,432,14.24,0,9,30,45,7,81,35,53,7,72,1,8,133,108,75,14,1859,4,215,215,1555.5841046623555,71.76275436693942,1.1950494958313436,0.500380711796691
4205,Lindesnes,23046,2021-05-13,41,2.1,4.5,5050,2678,772,102,10.78,1,3,6,11,2,27,19,4,0,17,0,1,19,25,19,7,1038,0,216,216,2285.948200459106,10.081593272923454,0.4540785306471642,0.5022563568515144
4206,Farsund,9691,2021-05-13,42,1.9,5.1,2294,1077,354,36,9.72,0,1,3,9,8,8,26,4,2,9,1,2,0,14,10,2,593,0,217,217,1245.294664432042,7.782093890541081,0.47619251646794564,0.5063460943143122
4207,Flekkefjord,9028,2021-05-13,42,1.7,3.3,2162,1336,266,52,12.75,0,1,3,5,1,10,7,0,1,5,0,0,4,11,7,3,78,0,218,218,864.9081009005055,10.438103181829874,0.09018299160198606,0.5126273814798405
4211,Gjerstad,2428,2021-05-13,45,1.9,4.7,438,287,55,4,9.84,0,0,1,2,0,3,2,3,0,0,0,7,4,2,1,1,57,0,219,219,318.4899957257258,7.623473366777027,0.1789695147884228,0.5135914332784185
4212,Vegårshei,2097,2021-05-13,41,1.3,2,248,213,60,7,9.25,0,0,2,3,0,3,1,7,0,0,0,3,1,4,1,0,21,0,220,220,361.6057705957453,5.799133118216542,0.05807429445996537,0.5073915116833572
4213,Tvedestrand,6053,2021-05-13,45,2.2,5,1126,782,134,23,10.41,0,0,2,4,0,9,4,5,0,17,0,0,4,9,10,2,84,0,221,221,608.6116020919485,9.945587595100625,0.13801905798586692,0.5070213117462415
4214,Froland,5951,2021-05-13,38,1.8,4.7,851,523,230,36,8.52,0,0,1,3,0,4,5,0,0,0,1,0,2,7,4,0,53,0,222,222,643.6938129341695,9.245078763260706,0.08233728355785874,0.51134263149050585
4215,Lillesand,11074,2021-05-13,40,1.8,4.3,2637,1489,289,30,10.23,0,2,3,7,0,9,7,2,0,11,0,26,11,13,7,0,130,0,223,223,841.1635197897348,13.165097795453805,0.15454783397227692,0.5040635723315875
4216,Birkenes,5226,2021-05-13,37,1.7,4.3,986,571,89,16,10.07,0,0,1,2,0,4,4,0,0,1,0,10,0,7,4,0,72,0,224,224,640.3600203103521,8.161034159295589,0.1124367507595259,0.51415996938385
4217,Åmli,1836,2021-05-13,42.5,1.4,3.3,434,242,108,8,13.34,0,0,1,2,1,5,3,1,0,1,0,7,3,4,3,1,101,0,225,225,1125.0828407674098,1.631879834508612,0.08977116736675916,0.5168845315904139
4218,Iveland,1331,2021-05-13,37,2.3,5,215,142,20,13,12.62,0,0,0,2,0,3,1,5,0,1,0,1,1,2,2,0,12,0,226,226,258.84657571635483,5.142042139504737,0.04635950839523429,0.5161532682193839
4219,Evje og Hornnes,3634,2021-05-13,40,1.1,2.5,873,564,119,9,11.31,0,0,4,3,0,5,2,7,0,0,1,13,0,4,4,1,299,1,227,227,586.7658776396303,6.193270840183156,0.5095729172302597,0.5178866263070996
4220,Bygland,1162,2021-05-13,47,NA,NA,172,188,16,9,6.97,0,0,2,2,1,4,5,9,0,1,1,9,3,2,3,0,228,0,228,228,1310.8132600606352,0.8864725704302446,0.17393781932710478,0.5206540447504303
4221,Valle,1164,2021-05-13,46,0.7,NA,307,135,78,13,9.62,0,0,2,2,0,3,3,3,0,1,1,7,0,2,2,0,366,0,229,229,1258.1614171015683,0.9251595098834867,0.2909006706334675,0.5103092783505154
4222,Bykle,965,2021-05-13,40,2,2.9,415,133,103,19,17.93,0,0,4,4,1,3,3,0,0,5,0,3,2,4,7,0,208,0,230,230,1462.656753771492,0.6597583455665361,0.14220698018428965,0.5202072538860104
4223,Vennesla,14774,2021-05-13,37,2,4.4,2473,1486,443,49,10.86,0,0,1,3,0,13,6,3,1,0,0,0,9,14,14,0,150,0,231,231,377.8947452316513,39.09554230753716,0.3969359243353576,0.5054149180993638
4224,Åseral,932,2021-05-13,40,1.7,NA,204,237,61,12,9.66,0,0,10,1,0,3,3,9,0,0,0,7,0,1,1,0,64,0,232,232,885.4324844570771,1.0525929603446578,0.07228106165456878,0.5075107296137339
4225,Lyngdal,10365,2021-05-13,37,1.9,5.2,2630,1457,419,57,11.52,0,1,3,6,6,15,19,18,1,6,0,0,19,11,14,4,371,0,233,233,876.1179015993457,11.83059949018138,0.4234589880228936,0.5051616015436565
4226,Hægebostad,1680,2021-05-13,39,0.9,NA,296,268,62,13,6.73,0,0,0,1,0,3,2,10,0,0,0,0,2,2,2,0,10,0,234,234,469.9031770171193,3.575204599944203,0.021280979761572637,0.5172619047619048
4227,Kvinesdal,5987,2021-05-13,41,2,4.6,1101,735,148,12,9.8,1,2,5,2,1,8,8,0,2,2,0,1,15,8,8,0,184,0,235,235,968.706616274564,6.180405810610344,0.18994399017075383,0.50409219976616
4228,Sirdal,1822,2021-05-13,40,2.1,3.6,591,274,154,11,10.59,0,2,1,2,0,5,4,2,0,4,0,0,1,3,6,0,317,0,236,236,1561.7951340030625,1.1666062726998017,0.20297156336214991,0.5164654226125137
4601,Bergen,283929,2021-05-13,37,3.3,7.5,116501,38193,11019,946,15.18,1,22,85,201,148,226,73,59,1,225,3,56,501,155,152,22,9633,88,237,237,564.132819249525,503.30168767297624,17.07576597442945,0.5031926995833466
4602,Kinn,17207,2021-05-13,41,1.5,3.8,5549,1706,536,53,12.2,0,1,0,4,0,6,2,0,0,0,0,0,12,1,5,0,22,0,238,238,2892.7106186590127,5.948400053917847,0.007605323483825922,0.5134538269309002
4611,Etne,4062,2021-05-13,42,1.9,6.1,770,517,151,32,9.5,0,1,0,4,0,6,8,0,0,0,0,0,0,0,2,1,21,0,239,239,814.017809881798,4.99006281028401,0.025797961353019254,0.5224027572624323
4612,Sveio,5766,2021-05-13,38,1.5,2.6,751,472,171,23,10.27,0,0,0,4,0,5,5,0,0,0,0,0,10,0,6,0,291,0,240,240,379.31420980335065,15.201117835762837,0.7671740010764803,0.5230662504335761
4613,Bømlo,11957,2021-05-13,39,2,5.8,2855,1322,411,48,10.48,0,1,2,7,2,13,10,9,1,3,0,0,14,0,12,0,61,0,241,241,1658.3768375901275,7.2100621095114485,0.0367829546441581,0.5149284937693401
4614,Stord,18759,2021-05-13,38,2.1,5.2,6191,2289,505,46,10.62,0,2,5,14,0,17,3,6,0,8,1,43,20,12,13,1,235,1,242,242,225.54835018203232,83.17063718205101,1.0419052048500448,0.5081827389519697
4615,Fitjar,3189,2021-05-13,40,1.7,5.2,554,341,112,10,7.96,0,1,0,1,1,2,4,0,0,0,0,0,7,6,4,0,927,1,243,243,240.6008662916603,13.254316366983659,3.8528539580413455,0.5136406396989652
4616,Tysnes,2869,2021-05-13,45,1.5,4.2,628,342,82,12,9.1,0,0,0,3,1,7,4,2,1,1,0,1,11,1,3,0,100,0,244,244,481.60984075217556,5.957104189397816,0.20763695327284126,0.5050540257929592
4617,Kvinnherad,13071,2021-05-13,44,1.3,4.4,3211,1627,412,53,7.44,0,3,1,10,2,20,12,7,1,6,0,1,21,8,19,1,250,0,245,245,1508.8495310899712,8.662891647358434,0.16568915246267374,0.5058526509065872
4618,Ullensvang,11048,2021-05-13,46,1.8,5,3083,1382,374,64,10.55,0,1,2,9,1,15,8,5,0,7,0,0,21,3,11,0,449,0,246,246,3430.250329267952,3.2207561954691943,0.1308942371257846,0.5058834178131788
4619,Eidfjord,906,2021-05-13,46,3,NA,201,131,31,7,10.04,0,0,0,1,0,3,2,0,0,3,0,0,0,1,1,0,106,0,247,247,1531.9844031566086,0.5913898327771574,0.06919130493860781,0.4911699779249448
4620,Ulvik,1080,2021-05-13,47,3.2,13.4,179,126,21,0,14.44,0,1,0,2,0,2,1,1,0,1,0,0,4,1,2,0,17,0,248,248,741.567995312899,1.456373531255623,0.022924398177171842,0.5138888888888888
4621,Voss,15740,2021-05-13,42,2.3,7.8,4309,2065,775,84,8.88,1,2,4,15,7,25,10,9,2,15,1,6,74,16,16,2,1092,1,249,249,2083.4789053976465,7.55467212037643,0.52412337709346,0.49872935196950446
4622,Kvam,8457,2021-05-13,43,1.7,7,1855,1124,252,28,10.29,0,1,2,5,0,10,6,3,0,2,0,0,2,1,13,0,48,0,250,250,765.2050097480513,11.051940188923385,0.06272828769874926,0.5085727799456072
4623,Samnanger,2485,2021-05-13,43,1.6,4.1,227,247,31,9,8.37,0,0,0,2,0,3,3,0,1,0,0,0,31,2,2,0,3,0,251,251,285.8396068674357,8.693686740034149,0.010495396466842033,0.5259557344064386
4624,Bjørnafjorden,24908,2021-05-13,38,2.6,7.7,4633,2386,651,77,11.04,0,0,7,13,4,25,10,4,0,7,2,0,113,12,27,1,395,0,252,252,751.93634769009,33.12514427120873,0.5253104218374598,0.5074273325839088
4625,Austevoll,5236,2021-05-13,37,1.6,4.8,1710,662,120,12,10.96,0,0,0,3,0,9,7,0,0,1,0,0,0,1,6,0,94,0,253,253,947.1972691797328,5.527887558770461,0.09924015097869048,0.5152788388082505
4626,Øygarden,38316,2021-05-13,38,3.2,7.8,9444,3347,1149,129,10.24,0,1,13,26,12,22,15,15,1,9,0,10,34,44,32,2,619,0,254,254,2326.1647233866447,16.471748373956956,0.2661032530399665,0.5102829105334586
4627,Askøy,29553,2021-05-13,37,3,7.1,5256,2230,709,54,9.11,0,0,2,14,1,16,6,6,0,1,0,0,15,25,20,1,804,0,255,255,218.7755097342143,135.0836756632555,3.6750000078928506,0.5071227963320136
4628,Vaksdal,3977,2021-05-13,43,2.1,6.5,642,387,70,11,9.48,0,0,1,3,0,7,7,1,0,1,0,0,32,4,5,0,14,0,256,256,757.6126095077805,5.249384646044698,0.01847910109243796,0.5046517475484034
4629,Modalen,388,2021-05-13,38.5,NA,NA,109,68,27,0,7.99,0,0,0,1,0,2,1,5,0,0,0,7,0,1,1,1,0,0,257,257,422.29090418540335,0.9187979095795343,0,0.5180412371134021
4630,Osterøy,8098,2021-05-13,39,1.8,4.3,1782,686,368,31,9.3,0,1,1,3,0,8,6,0,0,0,0,0,4,0,10,0,38,0,258,258,312.6392354935965,25.902059244786834,0.1215458448137688,0.5148184736972092
4631,Alver,29224,2021-05-13,39,1.9,5.5,6654,2731,555,60,8.78,0,1,1,17,2,22,20,4,0,1,0,0,27,13,30,0,540,0,259,259,971.7413765339178,30.073845475468403,0.5557034135215212,0.5121475499589379
4632,Austrheim,2870,2021-05-13,43,3.2,8.4,678,273,236,19,12.47,0,0,0,2,0,4,3,3,0,0,0,1,0,0,3,0,5,0,260,260,166.96223166809182,17.189516283570892,0.029946892480088663,0.5250871080139373
4633,Fedje,548,2021-05-13,49,NA,NA,113,70,10,3,10.04,0,0,1,1,0,1,1,1,0,0,0,6,0,1,1,0,425,0,261,261,465.8997635273824,1.1762186695503491,0.9122133842315664,0.4908759124087591
4634,Masfjorden,1691,2021-05-13,46,NA,NA,308,174,37,3,8.16,0,0,0,1,1,5,4,1,0,0,0,10,0,0,3,0,0,0,262,262,641.9487095800297,2.6341668341482793,0,0.5056179775280899
4635,Gulen,2297,2021-05-13,45,1.3,2.3,746,298,83,8,11.19,0,0,0,2,0,7,4,0,0,0,1,15,0,0,4,0,0,0,263,263,981.7880504117705,2.339608838217799,0,0.5063125816282107
4636,Solund,802,2021-05-13,48,NA,NA,199,80,3,4,14.34,0,0,0,2,0,2,5,0,1,0,0,0,0,1,1,0,18,0,264,264,1746.1655358822782,0.45929207942749634,0.010308301034532336,0.513715710723192
4637,Hyllestad,1328,2021-05-13,48,2,4.7,418,140,30,10,12.73,0,0,0,2,0,3,3,2,0,0,0,2,4,1,1,0,40,0,265,265,386.89851423760035,3.432424656933303,0.10338628484738864,0.5225903614457831
4638,Høyanger,4101,2021-05-13,47,1.5,4.7,1073,413,156,22,9.53,0,0,1,3,0,7,8,1,0,2,0,1,4,1,6,0,43,0,266,266,1243.8275767201403,3.297080782542193,0.0345707080344585,0.5084125822970007
4639,Vik,2635,2021-05-13,46,1.4,5.1,701,306,87,17,10.51,0,0,1,2,2,6,8,2,0,0,0,0,0,0,5,0,27,0,267,267,973.8612349644394,2.7057242915067024,0.02772468913498329,0.5005692599620494
4640,Sogndal,11847,2021-05-13,37,1.7,5.6,4527,1788,748,88,10.96,0,3,5,9,1,14,10,4,2,13,1,4,24,3,13,1,150,0,268,268,1472.7781447561244,8.04398139813633,0.10184833373178437,0.5057820545285726
4641,Aurland,1781,2021-05-13,43,5.1,14.7,599,222,63,4,15.61,0,1,0,2,0,4,4,1,0,6,0,0,22,1,3,0,156,0,269,269,1509.1768119274702,1.1801135466197405,0.10336760992289698,0.5075800112296462
4642,Lærdal,2126,2021-05-13,46,1.4,5.2,560,306,95,21,12.18,0,0,0,3,0,5,3,1,0,4,0,1,3,0,3,0,127,0,270,270,1406.5755113332314,1.5114723545733124,0.0902902112092242,0.5192850423330198
4643,Årdal,5193,2021-05-13,47,0.8,3.1,1977,452,101,8,8.76,0,0,0,2,1,5,2,0,0,1,0,0,0,1,3,0,1,0,271,271,1015.0036130085377,5.116237945801597,9.852181678801457e-4,0.5174273059888311
4644,Luster,5174,2021-05-13,42,1.1,4,992,656,135,20,7.73,0,0,0,3,0,10,13,4,0,5,0,0,22,0,9,2,19,0,272,272,2807.51899159178,1.8429082814739912,0.006767541041361777,0.5079242365674527
4645,Askvoll,3011,2021-05-13,47,0.9,2.1,501,329,67,11,7.31,0,0,0,2,0,8,11,3,0,1,0,0,1,0,5,0,4,0,273,273,1588.657242116848,1.8953112856413974,0.002517849598992225,0.5068083693125207
4646,Fjaler,2802,2021-05-13,41,0.4,0,776,342,111,3,12.78,0,0,0,2,0,6,5,1,0,0,0,1,33,1,5,0,156,1,274,274,482.29840143242455,5.809681292075756,0.3234512068393355,0.5074946466809421
4647,Sunnfjord,22030,2021-05-13,38,1.3,3.9,7649,2779,1002,87,9.13,0,2,3,11,1,21,15,13,1,5,1,11,58,6,20,0,410,1,275,275,2280.960429274025,9.658212267633077,0.1797488438370205,0.5115751248297776
4648,Bremanger,3629,2021-05-13,47,1.4,2.6,907,380,62,4,14.3,0,0,0,3,0,8,8,0,0,2,0,0,0,0,6,0,2,0,276,276,1931.3643677353286,1.8789825786499716,0.0010355373814549306,0.5100578671810416
4649,Stad,9457,2021-05-13,42,1.5,2.7,2289,1089,303,39,9.66,0,0,3,4,3,12,9,2,0,3,0,0,14,3,15,1,40,0,277,277,1651.739339853837,5.7254796636597955,0.024216896113608104,0.5044940255895104
4650,Gloppen,5854,2021-05-13,43,0.9,3.1,1565,712,164,25,9.94,0,0,1,3,0,9,6,0,0,1,1,0,0,1,8,0,68,0,278,278,1089.2397658666075,5.374390637806464,0.062428862892183044,0.508028698325931
4651,Stryn,7130,2021-05-13,41,1.6,2.6,2214,901,264,26,15.48,0,0,2,3,1,14,10,5,0,7,0,1,17,2,10,0,180,0,279,279,1458.3511328649085,4.889083183960795,0.12342706495272696,0.5162692847124825
5001,Trondheim,205163,2021-05-13,36,2.1,4.8,83190,29165,7817,634,13.64,0,20,74,89,99,151,56,57,5,153,0,38,1000,123,104,17,10722,17,280,280,720.5070213984299,284.7480925332272,14.881187388277915,0.5086735912420856
5006,Steinkjer,24357,2021-05-13,43,1.9,5.2,6648,3257,884,110,8.38,3,2,0,14,0,22,14,4,0,3,0,3,3,3,17,0,341,5,281,281,2244.2107108564137,10.853258957446611,0.15194651658616803,0.5073695446894116
5007,Namsos,15230,2021-05-13,42,1.4,3.4,4498,2275,479,39,8.06,0,0,2,11,0,16,13,1,0,0,1,0,11,2,13,0,26,0,282,282,2596.6913963388342,5.865155952483729,0.01001274161290722,0.4977675640183848
5014,Frøya,5151,2021-05-13,38,1.9,3.3,2001,654,91,8,24,0,1,2,2,0,9,8,8,0,3,1,0,2,1,8,0,219,0,283,283,5290.668076274491,0.9736010510844898,0.04139363816492007,0.5249466123082897
5020,Osen,948,2021-05-13,51,0.6,NA,179,121,22,0,5.17,0,0,0,1,0,2,2,10,0,0,0,4,0,1,2,0,983,0,284,284,1750.4912147722205,0.5415622723495683,0.5615566600417993,0.5369198312236287
5021,Oppdal,7001,2021-05-13,44,1.4,3.9,1703,988,347,37,9.04,0,0,2,3,4,7,4,0,0,3,1,0,2,2,6,1,96,0,285,285,2274.7071102643886,3.077758876476311,0.04220323555802397,0.502499642908156
5022,Rennebu,2486,2021-05-13,47,1.4,3.9,475,336,113,10,7.08,0,0,1,1,0,6,4,2,0,1,0,0,1,0,2,1,158,0,286,286,943.8085410980386,2.6340087970678425,0.16740683424646785,0.5076427996781979
5025,Røros,5581,2021-05-13,47,1.2,6.3,1915,897,238,37,8.44,0,2,7,4,4,6,5,0,0,10,1,0,9,2,5,2,153,0,287,287,1953.988286441985,2.8562095477872265,0.07830139057721656,0.49130980111091205
5026,Holtålen,1981,2021-05-13,48,NA,NA,286,200,56,8,5.4,0,0,1,1,0,2,4,19,0,2,0,3,3,0,2,0,1,0,288,288,1206.9332516144532,1.6413500890377468,8.285462337393977e-4,0.5017667844522968
5027,Midtre Gauldal,6238,2021-05-13,42,1.2,3.2,1791,755,329,44,11.97,0,0,0,2,1,9,4,1,0,2,0,0,9,0,7,0,35,0,289,289,1865.4293268126964,3.344002321791708,0.018762436880844786,0.5059313882654697
5028,Melhus,16733,2021-05-13,39,2,6.2,2970,1398,592,34,8.06,0,0,2,5,1,10,7,2,0,4,0,0,23,4,17,0,299,0,290,290,695.4318394076581,24.061308458716127,0.429948678010884,0.5078587222853045
5029,Skaun,8325,2021-05-13,37,1.8,4.8,864,556,175,26,5.95,0,0,0,1,3,4,3,1,0,3,0,0,3,3,8,0,137,0,291,291,253.96942600214385,32.77953622626105,0.539435010570302,0.5111111111111111
5031,Malvik,14148,2021-05-13,39,2,6.5,1930,958,197,19,9.74,1,0,1,3,2,7,4,5,0,3,0,0,14,5,10,0,569,0,292,292,229.27823379996727,61.7066860884115,2.481700903612252,0.5097540288379983
5032,Selbu,4062,2021-05-13,45,1.1,2.3,815,485,105,9,6.11,0,0,1,2,1,3,3,1,0,1,0,0,1,1,5,1,153,0,293,293,1230.9729409796678,3.299828830329336,0.12429192787798829,0.5100935499753816
5033,Tydal,769,2021-05-13,51,NA,NA,141,117,6,0,4.81,0,0,1,1,0,2,2,0,0,0,0,0,0,1,1,0,14,0,294,294,1328.3440499484766,0.5789162830441614,0.010539438182858596,0.5006501950585176
5034,Meråker,2422,2021-05-13,47,2.9,7.1,460,317,30,7,10.4,0,0,2,1,0,3,3,0,0,1,0,0,2,0,2,0,1,0,295,295,1275.9846611429023,1.8981419399122001,7.83708480558299e-4,0.5086705202312138
5035,Stjørdal,24145,2021-05-13,40,2.2,5.6,6695,2860,745,71,8.42,0,2,2,12,1,15,10,6,0,7,1,0,27,7,17,1,148,0,296,296,1000.4345235696406,24.134512985266102,0.14793571844354456,0.5057361772623732
5036,Frosta,2627,2021-05-13,44,1.8,3.3,411,319,70,17,9.44,0,0,0,1,0,2,2,0,0,3,0,0,0,0,1,0,12,0,297,297,249.5474608711147,10.527055618316961,0.048087045077960994,0.49676437000380663
5037,Levanger,20164,2021-05-13,40,1.6,3.9,5572,3087,484,54,8.36,0,0,1,6,0,15,9,3,0,5,0,0,16,1,13,0,9,1,298,298,835.0161698853705,24.14803536411526,0.010778234391838788,0.49791707994445544
5038,Verdal,14948,2021-05-13,42,2.3,6.8,3996,1673,805,160,6.59,0,1,2,7,0,9,7,0,0,1,0,0,0,0,12,0,29,0,299,299,1561.1580613444298,9.574943351429233,0.018575953785887594,0.507024351083757
5041,Snåsa,2063,2021-05-13,46,1.2,NA,309,309,29,9,6.35,0,0,0,1,0,3,1,0,0,1,2,0,2,0,3,0,8,0,300,300,2342.275968795152,0.8807672654649616,0.0034154813978282566,0.5036354823073195
5042,Lierne,1355,2021-05-13,48,NA,NA,281,207,56,3,8.93,0,0,2,1,0,4,3,0,0,0,0,0,0,0,2,0,12,0,301,301,2956.6836358620853,0.45828372828428104,0.0040586012836984296,0.5143911439114391
5043,Røyrvik,461,2021-05-13,49,NA,NA,63,70,4,0,9.11,0,0,1,1,0,1,2,0,0,1,0,0,0,1,1,0,16,0,302,302,1588.2376536782922,0.290258828036436,0.010074059107555263,0.49023861171366595
5044,Namsskogan,843,2021-05-13,50,NA,NA,191,119,53,15,8.66,0,0,0,1,0,3,3,0,0,0,0,0,2,0,2,0,60,0,303,303,1414.5877765918158,0.5959333269732123,0.042415183414463514,0.5077105575326216
5045,Grong,2359,2021-05-13,46,1.8,3.9,646,316,127,8,10.6,0,0,2,2,0,3,3,2,0,1,1,0,9,2,5,0,43,0,304,304,1131.2703288199662,2.0852663946916072,0.03801036666881692,0.5082662144976685
5046,Høylandet,1231,2021-05-13,45,NA,NA,220,144,25,4,4.71,0,0,0,1,1,1,3,0,0,0,0,0,0,1,1,0,2,0,305,305,756.3882336042255,1.6274711124659185,0.002644144780610753,0.5150284321689683
5047,Overhalla,3884,2021-05-13,39,1.8,7.1,948,373,194,15,8.26,0,0,1,1,0,2,2,0,0,0,0,0,2,0,4,0,130,0,306,306,728.9691838712438,5.328071591961866,0.17833401311921795,0.5159629248197735
5049,Flatanger,1103,2021-05-13,49,1.4,6.1,350,151,18,7,12.15,0,0,0,1,0,2,2,0,0,1,0,0,0,0,2,0,0,0,307,307,1285.6823658260098,0.8579101878646035,0,0.5321849501359928
5052,Leka,557,2021-05-13,52,0.8,NA,124,74,10,3,10.05,0,0,0,1,0,2,1,7,0,0,0,3,0,0,1,0,1,0,308,308,1704.4697973009472,0.3267878380021856,5.866927073647855e-4,0.4919210053859964
5053,Inderøy,6816,2021-05-13,43,1.4,6.2,1143,664,255,23,5.71,0,2,1,1,2,7,7,4,0,3,0,0,12,1,11,0,207,0,309,309,558.5837481477813,12.202288417092882,0.370580061962768,0.5019072769953051
5054,Indre Fosen,10084,2021-05-13,45,1.8,6,2244,1288,337,19,7.99,0,0,3,4,0,13,13,4,0,3,0,0,21,7,9,0,91,1,310,310,1432.0517163387565,7.041645134004781,0.0635451911140852,0.5130900436334788
5055,Heim,5963,2021-05-13,46,1.4,4.7,0,0,0,0,6.96,0,0,1,3,0,7,6,4,1,2,0,1,0,1,5,1,31,0,311,311,1232.0199776116765,4.840018918816179,0.02516192964670494,0.5138353177930571
5056,Hitra,5050,2021-05-13,42,1.6,3.2,0,0,0,0,17.78,0,0,0,1,0,9,7,0,0,6,0,0,14,2,7,0,24,0,312,312,1544.0941238917483,3.2705260138364727,0.015543093927143632,0.5291089108910891
5057,Ørland,10323,2021-05-13,42,1.3,3.3,2823,1107,424,58,7.1,0,0,0,5,0,12,8,0,0,1,1,0,1,2,10,1,75,0,313,313,1507.3454636245674,6.848463241583176,0.049756344388136996,0.5075075075075075
5058,Åfjord,4288,2021-05-13,47,1.3,4.9,1264,624,413,24,7.14,0,0,2,1,0,9,5,9,0,3,0,0,2,2,5,1,54,0,314,314,2390.9928923062757,1.7933972174479915,0.022584759734652876,0.5128264925373134
5059,Orkland,18217,2021-05-13,43,1.6,4.1,0,0,0,0,8.41,0,0,3,8,1,18,10,6,0,8,0,0,3,3,13,0,100,0,315,315,2158.4843532510354,8.439718347998296,0.04632880467694075,0.5074381072624472
5060,Nærøysund,9623,2021-05-13,40,1.9,5.7,2829,1118,240,36,9.91,0,0,0,2,0,11,14,2,0,3,1,0,1,2,9,0,47,2,316,316,4779.753514175329,2.0132837334521625,0.009833143039826629,0.5212511690740933
5061,Rindal,2003,2021-05-13,45,0.6,NA,429,235,118,7,2.55,0,0,2,1,0,3,2,0,0,0,0,0,1,2,1,1,21,0,317,317,634.4166447799845,3.1572311610686694,0.033101275278303574,0.5052421367948078
5401,Tromsø,76974,2021-05-13,36,2.1,5,31109,9790,2966,216,13.41,0,7,28,33,11,55,21,53,12,52,1,3,151,41,56,4,4607,5,318,318,5284.11019968321,14.567069400750707,0.8718591827014123,0.5046639124899317
5402,Harstad,24703,2021-05-13,42,1.8,4.7,8294,2705,967,62,9.15,0,5,3,14,0,21,16,7,2,7,0,2,629,15,16,2,136,0,319,319,1519.0332432871542,16.262316910552435,0.08953062785229046,0.4997773549771283
5403,Alta,20789,2021-05-13,36,2.1,4.5,7275,2177,1135,112,9.52,0,1,8,10,5,20,21,6,0,12,1,1,33,16,27,2,4956,1,320,320,4562.724177406439,4.556269279423541,1.0861932054847787,0.5072394054548078
5404,Vardø,2029,2021-05-13,47,2.5,4.5,578,140,32,3,17.4,0,0,0,2,0,2,4,0,0,5,1,0,0,0,3,0,548,0,321,321,2483.9723346141955,0.8168367947282872,0.2206143733420904,0.5268605224248398
5405,Vadsø,5788,2021-05-13,43,1.9,3.8,2228,430,190,31,14.18,0,0,2,4,0,4,6,0,0,5,2,1,0,2,7,0,115,0,322,322,1960.6065698137452,2.9521476103948032,0.05865531706900525,0.5115756738078784
5406,Hammerfest,11448,2021-05-13,39,2,4.8,4467,1104,340,27,16.34,0,1,7,7,0,16,10,6,0,9,2,2,19,15,12,0,2752,1,323,323,5372.081402854612,2.1310175966277747,0.5122781643885077,0.5095213137665968
5411,Kvæfjord,2839,2021-05-13,46,1.4,3.3,584,384,36,7,8.63,0,0,0,2,0,2,1,1,0,0,0,0,284,0,4,0,150,0,324,324,691.0117790751416,4.108468315547025,0.2170730001169615,0.49700598802395207
5412,Tjeldsund,4216,2021-05-13,48,1.3,3.4,848,350,41,6,8.25,0,0,1,3,0,4,7,2,0,1,0,0,2,2,7,0,37,0,325,325,1026.9589044608097,4.105324937236463,0.036028705568726074,0.514943074003795
5413,Ibestad,1361,2021-05-13,53,0.8,2.2,318,150,27,5,10.43,0,0,1,2,0,3,3,0,0,0,0,0,5,2,2,0,13,0,326,326,592.7194827576742,2.2961958221245573,0.021932803591197092,0.5246142542248347
5414,Gratangen,1091,2021-05-13,48,2,5.3,271,110,19,8,12.92,0,0,2,2,0,2,2,7,0,0,0,2,0,0,2,0,47,0,327,327,376.3879486850614,2.8986050265729486,0.12487116063146524,0.5270394133822182
5415,Lavangen,1034,2021-05-13,46,1.7,NA,189,115,58,7,7.64,0,0,1,1,0,1,2,5,0,2,0,3,0,0,1,0,2,0,328,328,319.78066279007436,3.2334663108719224,0.006254286868224221,0.5164410058027079
5416,Bardu,4005,2021-05-13,38,NA,NA,1392,354,70,14,6.82,0,1,2,2,1,2,4,1,0,0,0,0,5,0,4,0,56,0,329,329,2704.7851762484675,1.480709091120844,0.020704047216670976,0.5098626716604244
5417,Salangen,2146,2021-05-13,46,NA,NA,560,277,53,12,11.46,0,0,0,3,0,3,3,1,0,1,1,0,0,1,2,0,3,0,330,330,532.2317539892692,4.032078101156038,0.005636642266294554,0.5232991612301957
5418,Målselv,6640,2021-05-13,41,1.3,2.5,2572,658,276,28,6.46,0,0,3,4,4,9,6,0,0,5,1,1,13,2,10,0,134,0,331,331,3356.077299716051,1.9785003165933612,0.03992756663004675,0.5308734939759037
5419,Sørreisa,3464,2021-05-13,43,1.3,3.2,638,259,128,18,8.34,0,0,0,2,0,3,2,12,0,0,0,6,0,0,3,0,5,0,332,332,389.961550462867,8.882927037007587,0.012821776900992475,0.5060623556581986
5420,Dyrøy,1083,2021-05-13,51,1.8,NA,180,111,17,5,6.37,0,0,1,0,0,2,3,0,0,1,0,2,0,1,1,0,11,0,333,333,468.45417964730046,2.3118589758669494,0.023481485442785267,0.5032317636195752
5421,Senja,14851,2021-05-13,43,1.8,4.5,4587,1892,498,59,10.48,0,0,3,7,2,25,27,9,0,8,0,1,17,7,24,1,586,0,334,334,4731.301754137278,3.138882441183036,0.12385597673781287,0.5097973200457881
5422,Balsfjord,5559,2021-05-13,46,1.9,5.6,1234,618,188,16,8.17,0,0,0,4,0,6,5,0,0,2,0,0,0,0,10,0,18,0,335,335,1738.9023894840454,3.196844189540407,0.010351357332564728,0.520417341248426
5423,Karlsøy,2200,2021-05-13,51,1.6,2,457,253,43,7,12.64,0,0,0,2,0,6,6,0,0,1,1,0,2,0,4,0,20,0,336,336,5886.365317464016,0.37374506700644455,0.0033976824273313144,0.525
5424,Lyngen,2794,2021-05-13,48,1.4,4,601,347,93,13,5.87,0,1,1,3,0,4,2,0,0,0,0,0,0,0,3,0,78,0,337,337,1300.2934158707023,2.1487457876029326,0.05998646078490649,0.5093056549749463
5425,Storfjord,1829,2021-05-13,48,1.6,4.7,445,226,108,15,8.64,0,0,0,2,0,3,3,0,0,3,0,0,0,1,2,0,14,0,338,338,1602.3890758639473,1.141420662153399,0.008736954220966424,0.5177692728266813
5426,Kåfjord,2071,2021-05-13,49,2.4,7.4,381,224,82,11,6.18,0,0,0,2,1,8,3,0,0,0,0,0,1,2,4,0,13,0,339,339,1122.3626355568535,1.8452146698312757,0.011582709178081402,0.5239014968614196
5427,Skjervøy,2927,2021-05-13,42,1.6,4.2,892,332,99,13,15.2,0,0,0,2,0,5,2,0,0,2,0,0,8,3,5,0,82,0,340,340,1556.8117191446408,1.8801245931063404,0.05267175149802525,0.5131533993850359
5428,Nordreisa,4861,2021-05-13,43,2.1,5.1,1192,539,152,28,7.14,0,1,1,2,1,4,3,1,0,3,1,0,1,1,9,1,24,1,341,341,3687.3504750327356,1.3182907436963516,0.006508738500043702,0.5151203456078997
5429,Kvænangen,1191,2021-05-13,50,NA,NA,258,134,14,3,6.72,0,0,2,2,0,3,3,0,0,1,0,0,1,0,1,0,20,0,342,342,2671.7036734059716,0.44578297056487404,0.007485860127033989,0.5155331654072208
5430,Kautokeino,2910,2021-05-13,41,2.9,3.2,699,263,33,0,7.01,0,0,2,2,1,3,4,3,0,2,3,0,2,0,4,0,287,1,343,343,9706.482742002978,0.29979963673221427,0.02956786795262732,0.5209621993127148
5432,Loppa,888,2021-05-13,51,1.7,2.6,206,74,6,6,14.19,0,0,0,2,0,5,5,0,0,0,0,0,3,1,3,0,75,0,344,344,2811.033558296216,0.31589804304514313,0.026680577959893845,0.5518018018018018
5433,Hasvik,1005,2021-05-13,45,5,17.3,233,96,9,7,21.79,0,0,0,2,0,3,4,0,0,1,1,0,1,0,3,0,21,0,345,345,2769.6290882426197,0.362864473176692,0.007582242723095057,0.536318407960199
5434,Måsøy,1225,2021-05-13,48,4.9,11.6,273,109,6,0,17.96,0,0,1,2,0,5,5,0,1,0,0,0,5,1,2,0,12,0,346,346,3879.0380999966374,0.3157999401967879,0.00309355043458078,0.5453061224489796
5435,Nordkapp,3162,2021-05-13,46,4.4,10.8,886,299,84,7,15.78,0,0,0,2,1,4,5,1,0,5,1,0,10,0,4,0,45,0,347,347,4097.543491002608,0.7716818642543085,0.01098218971898921,0.5316255534471853
5436,Porsanger,3998,2021-05-13,46,1.7,3.5,1236,397,190,25,8.1,0,1,8,2,4,6,12,1,0,5,2,0,2,6,6,1,208,0,348,348,6000.577966610256,0.6662691531126762,0.034663327625672,0.5152576288144072
5437,Karasjok,2628,2021-05-13,43,2.2,2.9,779,359,49,10,6.81,0,0,5,5,1,3,7,2,0,6,4,0,0,1,4,0,108,0,349,349,5453.626181585142,0.4818812130676969,0.01980333752333001,0.51103500761035
5438,Lebesby,1290,2021-05-13,47,2.8,3.1,305,161,27,4,16.98,0,0,1,2,0,5,5,0,0,0,2,0,0,0,2,0,33,0,350,350,5725.809312216096,0.22529566209055663,0.005763377402316565,0.5550387596899224
5439,Gamvik,1132,2021-05-13,46,3.9,5.1,232,129,7,3,28.27,0,0,0,1,0,4,2,1,0,0,4,0,0,1,3,0,36,0,351,351,3107.053458357092,0.36433232165839996,0.011586540264754768,0.549469964664311
5440,Berlevåg,957,2021-05-13,48,2.1,2.2,255,82,14,0,16.82,0,0,0,2,0,3,2,1,0,1,1,0,0,1,2,0,27,0,352,352,2439.7079851594126,0.39226005973721845,0.011066898237100206,0.5350052246603971
5441,Tana,2918,2021-05-13,46,1.8,2.7,839,317,69,12,11,0,1,2,4,2,3,11,0,0,5,1,0,0,2,9,0,47,0,353,353,4365.293395157513,0.6684544968356496,0.010766744808524856,0.519876627827279
5442,Nesseby,926,2021-05-13,47,NA,NA,155,90,17,4,10.91,0,0,0,3,0,1,3,0,0,2,0,0,0,1,1,0,7,0,354,354,1636.4586697943596,0.5658560262425466,0.004277529356045169,0.5334773218142549
5443,Båtsfjord,2221,2021-05-13,41,2.6,6,718,204,67,6,26.74,0,0,1,2,0,2,3,3,0,1,1,0,0,0,3,1,11,0,355,355,2813.398350585415,0.7894367321065117,0.003909862248163723,0.5344439441692931
5444,Sør-Varanger,10158,2021-05-13,41,2.5,5,3681,975,350,45,14.97,0,2,6,6,2,12,11,4,0,6,1,1,1,2,10,0,964,0,356,356,5122.125498570622,1.9831610925649297,0.18820312002683523,0.5017720023626698
