;Kreis;Stadt;Anzahl;Wahlbeteiligung;Anzahl;Union;SPD;Gruene;FDP;die_linke;afd;sonstige
26.05.2019;DG;Deutschland;61600263;61,4;37396889;10794042;5916882;7677071;2028594;2056049;4104453;4819798
26.05.2019;1;  Schleswig-Holstein;2269361;59,7;1345668;353020;230014;391868;79538;50345;100258;140625
26.05.2019;1001;      Flensburg, Kreisfreie Stadt;70431;56,3;39410;6829;5676;14603;1988;2349;2477;5488
26.05.2019;1002;      Kiel, Landeshauptstadt, Kreisfreie Stadt;186195;58,9;109018;18311;17911;40324;5270;6497;6459;14246
26.05.2019;1003;      Lübeck, Hansestadt, Kreisfreie Stadt;166530;54,6;90485;18416;17566;28633;4174;4231;6773;10692
26.05.2019;1004;      Neumünster, Kreisfreie Stadt;60215;48,2;28805;7039;5286;7809;1539;1041;2761;3330
26.05.2019;1051;      Dithmarschen, Landkreis;107045;54,4;57769;17955;10294;12121;4498;2002;5121;5778
26.05.2019;1053;      Herzogtum Lauenburg, Landkreis;152666;60,2;91290;24912;15940;23552;5774;3168;8355;9589
26.05.2019;1054;      Nordfriesland, Landkreis;131877;58,9;77189;23444;12566;22580;4432;2449;4373;7345
26.05.2019;1055;      Ostholstein, Landkreis;165528;58,4;95989;28117;18289;24383;5910;2823;7752;8715
26.05.2019;1056;      Pinneberg, Landkreis;239300;63;149684;39119;25994;43260;9465;5480;11681;14685
26.05.2019;1057;      Plön, Landkreis;105085;63,7;66501;18150;11683;19797;3618;2067;4846;6340
26.05.2019;1058;      Rendsburg-Eckernförde, Landkreis;218614;62,5;135821;38936;22593;39806;7544;4221;9206;13515
26.05.2019;1059;      Schleswig-Flensburg, Landkreis;159674;59,8;94907;27527;15339;28887;4739;3123;5705;9587
26.05.2019;1060;      Segeberg, Landkreis;212630;59,5;125818;34078;21105;33886;8446;4597;10296;13410
26.05.2019;1061;      Steinburg, Landkreis;104839;57,7;60118;17285;9848;16150;3682;2159;4675;6319
26.05.2019;1062;      Stormarn, Landkreis;188732;65,4;122864;32902;19924;36077;8459;4138;9778;11586
26.05.2019;2;  Hamburg;1302548;61,9;796432;140966;157840;247719;44355;55375;51649;98528
26.05.2019;3;  Niedersachsen;6119552;61,5;3741545;1119352;781873;846522;186280;141841;297385;368292
26.05.2019;31;    Braunschweig, Stat. Region;1230255;59,9;732987;197936;170195;157100;35199;28878;63938;79741
26.05.2019;3101;      Braunschweig, Kreisfreie Stadt;190413;64,2;121622;27475;24209;34110;6281;5764;8329;15454
26.05.2019;3102;      Salzgitter, Kreisfreie Stadt;72737;51,2;36822;9268;9457;5440;1538;1759;5519;3841
26.05.2019;3103;      Wolfsburg, Kreisfreie Stadt;89191;56,5;50066;14495;12056;8970;2482;1811;5105;5147
26.05.2019;3151;      Gifhorn, Landkreis;136223;60,8;82273;26026;17360;15740;3943;2629;8047;8528
26.05.2019;3152;      Göttingen, Landkreis;-;-;-;-;-;-;-;-;-;-
26.05.2019;3153;      Goslar, Landkreis;107632;58,4;62390;17949;15236;10754;3052;2449;6409;6541
26.05.2019;3154;      Helmstedt, Landkreis;73182;58,4;42428;13022;10514;6885;2101;1470;3895;4541
26.05.2019;3155;      Northeim, Landkreis;107594;56,1;59994;16764;16431;11405;2959;1930;4877;5628
26.05.2019;3156;      Osterode am Harz, Landkreis;-;-;-;-;-;-;-;-;-;-
26.05.2019;3157;      Peine, Landkreis;103605;62;63766;16993;16669;12304;2931;2229;5936;6704
26.05.2019;3158;      Wolfenbüttel, Landkreis;96324;64,4;61668;17032;14374;13082;3050;2185;5512;6433
26.05.2019;3159;      Göttingen, Landkreis;253354;60,3;151958;38912;33889;38410;6862;6652;10309;16924
26.05.2019;32;    Hannover, Stat. Region;1621987;62,2;1003374;270340;218448;239600;49821;40022;83096;102047
26.05.2019;3241;      Region Hannover, Landkreis;844533;64;537423;132337;112047;140558;26322;23979;43422;58758
26.05.2019;3241001;      Hannover, Landeshauptstadt;372728;63,7;236482;46605;46169;73573;11007;13794;16005;29329
26.05.2019;3251;      Diepholz, Landkreis;169375;62,2;104667;33709;21150;22484;6581;3533;7850;9360
26.05.2019;3252;      Hameln-Pyrmont, Landkreis;116288;58,4;67532;19200;15755;13908;3180;2609;6648;6232
26.05.2019;3254;      Hildesheim, Landkreis;217020;62,4;134819;37713;31123;30585;6048;5024;11272;13054
26.05.2019;3255;      Holzminden, Landkreis;55950;59,9;33131;9913;9336;5508;1902;924;2759;2789
26.05.2019;3256;      Nienburg (Weser), Landkreis;94437;56,7;53209;17389;11554;10762;2554;1657;4601;4692
26.05.2019;3257;      Schaumburg, Landkreis;124384;58,7;72593;20079;17483;15795;3234;2296;6544;7162
26.05.2019;33;    Lüneburg, Stat. Region;1346079;62,9;841426;262023;160050;193729;41469;30936;70815;82404
26.05.2019;3351;      Celle, Landkreis;139021;60,2;83237;26932;15024;16508;4657;2703;9096;8317
26.05.2019;3352;      Cuxhaven, Landkreis;158334;61,8;97054;36581;19955;17489;3709;3275;7845;8200
26.05.2019;3353;      Harburg, Landkreis;199955;66,5;132101;38070;21515;34654;7935;4437;11358;14132
26.05.2019;3354;      Lüchow-Dannenberg, Landkreis;39160;59;22941;6175;3915;6558;896;1269;1710;2418
26.05.2019;3355;      Lüneburg, Landkreis;142507;66,9;94731;23611;17596;27046;3914;4530;7151;10883
26.05.2019;3356;      Osterholz, Landkreis;90731;62,6;56516;16084;11606;13754;2699;2714;4550;5109
26.05.2019;3357;      Rotenburg (Wümme), Landkreis;129318;62,2;79945;28225;14467;17223;4221;2641;5814;7354
26.05.2019;3358;      Heidekreis, Landkreis;108608;59,2;63936;19910;14195;12856;3243;1987;5766;5979
26.05.2019;3359;      Stade, Landkreis;157508;62,3;97490;30779;18491;22224;4715;3434;8245;9602
26.05.2019;3360;      Uelzen, Landkreis;74964;61,7;45915;15072;9168;9501;2348;1550;4038;4238
26.05.2019;3361;      Verden, Landkreis;105973;64,2;67560;20584;14118;15916;3132;2396;5242;6172
26.05.2019;34;    Weser-Ems, Stat. Region;1921231;61;1163758;389053;233180;256093;59791;42005;79536;104100
26.05.2019;3401;      Delmenhorst, Kreisfreie Stadt;56279;52,6;29352;7315;6500;5907;1403;1434;3480;3313
26.05.2019;3402;      Emden, Kreisfreie Stadt;37967;60,3;22574;4188;6545;4876;1102;1282;2134;2447
26.05.2019;3403;      Oldenburg (Oldenburg), Kreisfreie Stadt;129795;64,9;83833;16019;14420;29947;3885;5395;4379;9788
26.05.2019;3404;      Osnabrück, Kreisfreie Stadt;123608;64,1;78785;18653;13966;26208;3762;4182;3780;8234
26.05.2019;3405;      Wilhelmshaven, Kreisfreie Stadt;61706;53,4;32622;8502;8470;6412;1431;1231;3021;3555
26.05.2019;3451;      Ammerland, Landkreis;97566;64,8;62792;19150;12396;14780;3766;2164;4419;6117
26.05.2019;3452;      Aurich, Landkreis;153372;60,2;91024;22122;26003;17673;4382;3462;8282;9100
26.05.2019;3453;      Cloppenburg, Landkreis;120227;55;65741;31400;8862;10264;3639;1797;4903;4876
26.05.2019;3454;      Emsland, Landkreis;239069;62,8;149187;73445;22028;24494;7597;3611;8120;9892
26.05.2019;3455;      Friesland, Landkreis;81384;62,1;49990;13854;12575;10287;2663;1705;3873;5033
26.05.2019;3456;      Grafschaft Bentheim, Landkreis;97968;67,1;65339;25492;15485;12069;3063;1724;3088;4418
26.05.2019;3457;      Leer, Landkreis;131488;55,8;72714;19629;18618;14554;3381;2683;6572;7277
26.05.2019;3458;      Oldenburg, Landkreis;101026;62,9;63280;18017;11426;16006;4327;2323;4914;6267
26.05.2019;3459;      Osnabrück, Landkreis;272973;62,7;169962;61372;33789;38162;8456;5296;9553;13334
26.05.2019;3460;      Vechta, Landkreis;101152;64,3;64722;31667;7671;11755;3733;1522;3927;4447
26.05.2019;3461;      Wesermarsch, Landkreis;69579;54,5;37659;10540;8826;8152;1993;1446;2973;3729
26.05.2019;3462;      Wittmund, Landkreis;46072;53;24182;7688;5600;4547;1208;748;2118;2273
26.05.2019;4;  Bremen;470210;63;292360;64078;71566;66390;13711;22844;22450;31321
26.05.2019;4011;      Bremen, Kreisfreie Stadt;390038;65,2;251366;55205;60790;58947;11606;20056;17977;26785
26.05.2019;4012;      Bremerhaven, Kreisfreie Stadt;80172;52,1;40994;8873;10776;7443;2105;2788;4473;4536
26.05.2019;5;  Nordrhein-Westfalen;13149577;61,4;8008790;2237590;1536734;1854487;535316;337933;682400;824330
26.05.2019;51;    Düsseldorf, Regierungsbezirk;3723254;59,7;2203449;594143;415070;510189;158680;96469;196643;232255
26.05.2019;5111;      Düsseldorf, Kreisfreie Stadt;414530;63,5;261736;64587;39877;76394;22172;12587;18079;28040
26.05.2019;5112;      Duisburg, Kreisfreie Stadt;325373;50,1;161339;32106;39558;31533;8447;9320;19359;21016
26.05.2019;5113;      Essen, Kreisfreie Stadt;416106;59,2;244392;57242;51163;55645;15744;11303;26304;26991
26.05.2019;5114;      Krefeld, Kreisfreie Stadt;162065;57,9;93107;24916;17017;22805;7041;4388;7248;9692
26.05.2019;5116;      Mönchengladbach, Kreisfreie Stadt;188522;54,8;102370;30600;16469;23257;7215;4514;8868;11447
26.05.2019;5117;      Mülheim an der Ruhr, Kreisfreie Stadt;123207;62,6;76596;18298;16230;17594;5832;3243;7396;8003
26.05.2019;5119;      Oberhausen, Kreisfreie Stadt;150624;55;82051;18091;20422;15337;4336;4109;10010;9746
26.05.2019;5120;      Remscheid, Kreisfreie Stadt;77129;56,4;43015;11733;8290;9224;2932;1910;4254;4672
26.05.2019;5122;      Solingen, Kreisfreie Stadt;112713;57,4;64185;16506;11310;15870;4623;3090;5869;6917
26.05.2019;5124;      Wuppertal, Kreisfreie Stadt;238998;58,8;139485;31132;25947;35420;8718;8565;13628;16075
26.05.2019;5154;      Kleve, Kreis;227070;60,3;135773;48747;23140;29494;9643;4398;8693;11658
26.05.2019;5158;      Mettmann, Kreis;367255;63,8;232579;67116;40333;54144;18496;8214;20603;23673
26.05.2019;5162;      Rhein-Kreis Neuss;334970;63,1;209722;68001;34152;45451;18190;6704;16801;20423
26.05.2019;5166;      Viersen, Kreis;228023;62,1;140390;45987;22425;33174;11048;4794;9873;13089
26.05.2019;5170;      Wesel, Kreis;356669;61,3;216709;59081;48737;44847;14243;9330;19658;20813
26.05.2019;53;    Köln, Regierungsbezirk;3260069;63,7;2063052;560949;363775;524780;143597;89964;158938;221049
26.05.2019;5314;      Bonn, Kreisfreie Stadt;228055;69,5;157650;36302;24318;50340;11084;7674;9418;18514
26.05.2019;5315;      Köln, Kreisfreie Stadt;740448;64,6;476060;94223;80808;156515;29704;29156;29372;56282
26.05.2019;5316;      Leverkusen, Kreisfreie Stadt;116207;60;69146;18053;13790;15693;4613;2952;6510;7535
26.05.2019;5334;      Städteregion Aachen (einschl. Stadt Aachen);405298;61,4;247280;66034;49126;60880;14901;10988;17064;28287
26.05.2019;5334002;      Aachen, krfr. Stadt;177548;66,1;116845;25760;17904;37571;7099;6300;5808;16403
26.05.2019;5354;      Aachen, Kreis;-;-;-;-;-;-;-;-;-;-
26.05.2019;5358;      Düren, Kreis;199697;60,4;119272;38646;23922;20431;8474;4248;11541;12010
26.05.2019;5362;      Rhein-Erft-Kreis;346326;63,8;219189;62997;43715;46003;16994;7561;20340;21579
26.05.2019;5366;      Euskirchen, Kreis;151478;61,3;91944;31063;15099;16910;7807;3101;8877;9087
26.05.2019;5370;      Heinsberg, Kreis;191077;58,9;111374;39869;18552;21245;7147;4098;9358;11105
26.05.2019;5374;      Oberbergischer Kreis;207897;61;125657;39855;22044;26072;8786;4505;11601;12794
26.05.2019;5378;      Rheinisch-Bergischer Kreis;218103;68;147464;44232;24012;38570;11647;5015;10646;13342
26.05.2019;5382;      Rhein-Sieg-Kreis;455483;65,9;298016;89675;48389;72121;22440;10666;24211;30514
26.05.2019;55;    Münster, Regierungsbezirk;1966918;63,4;1237991;385801;239014;283298;75802;45487;96469;112120
26.05.2019;5512;      Bottrop, Kreisfreie Stadt;87999;59,4;51803;12582;12867;8968;3021;2138;6387;5840
26.05.2019;5513;      Gelsenkirchen, Kreisfreie Stadt;172667;51,3;87643;17200;22497;13697;4573;4025;14398;11253
26.05.2019;5515;      Münster, Kreisfreie Stadt;234502;73,7;172065;41991;24719;62955;9791;8565;6883;17161
26.05.2019;5554;      Borken, Kreis;278982;65;180449;74957;29102;37233;12301;4563;9778;12515
26.05.2019;5558;      Coesfeld, Kreis;173128;69,3;119406;45667;18389;28810;7871;3401;6513;8755
26.05.2019;5562;      Recklinghausen, Kreis;469806;58,3;271756;69705;64106;50554;15959;10973;31144;29315
26.05.2019;5566;      Steinfurt, Kreis;340622;64,9;219840;75685;43335;51259;13251;7499;12331;16480
26.05.2019;5570;      Warendorf, Kreis;209212;65;135029;48014;23999;29822;9035;4323;9035;10801
26.05.2019;57;    Detmold, Regierungsbezirk;1541928;61,2;936107;271816;180915;212898;58098;38332;80438;93610
26.05.2019;5711;      Bielefeld, Kreisfreie Stadt;237243;63,8;150230;32604;28265;42289;8251;9850;11498;17473
26.05.2019;5754;      Gütersloh, Kreis;263291;62,3;162996;52419;27534;39536;10355;5613;12505;15034
26.05.2019;5758;      Herford, Kreis;191048;59,3;112387;29137;25721;24222;6463;4512;11158;11174
26.05.2019;5762;      Höxter, Kreis;111469;62,2;68773;27446;11333;11659;4449;2174;5650;6062
26.05.2019;5766;      Lippe, Kreis;267750;61,3;162627;41966;35954;34841;10678;6171;15680;17337
26.05.2019;5770;      Minden-Lübbecke, Kreis;240181;59,1;140802;38637;33064;28989;8706;5066;12816;13524
26.05.2019;5774;      Paderborn, Kreis;230946;60,3;138292;49607;19044;31362;9196;4946;11131;13006
26.05.2019;59;    Arnsberg, Regierungsbezirk;2657408;59,5;1568191;424881;337960;323322;99139;67681;149912;165296
26.05.2019;5911;      Bochum, Kreisfreie Stadt;271416;61,1;164491;32600;37844;40110;9186;9336;15598;19817
26.05.2019;5913;      Dortmund, Kreisfreie Stadt;412595;58,5;239528;46156;54803;59764;14207;13420;22013;29165
26.05.2019;5914;      Hagen, Kreisfreie Stadt;130560;55,7;72050;17401;16076;13200;4644;3151;9077;8501
26.05.2019;5915;      Hamm, Kreisfreie Stadt;125696;57,7;71974;19513;16598;13850;4182;2960;7847;7024
26.05.2019;5916;      Herne, Kreisfreie Stadt;110657;53,7;58729;11770;15717;10264;2991;2971;7776;7240
26.05.2019;5954;      Ennepe-Ruhr-Kreis;251943;62;155114;35800;35666;36561;10042;6316;14231;16498
26.05.2019;5958;      Hochsauerlandkreis;201504;62,1;124262;51683;21337;19880;8422;3535;9206;10199
26.05.2019;5962;      Märkischer Kreis;302136;56,3;168654;52808;32827;30402;11983;6262;16988;17384
26.05.2019;5966;      Olpe, Kreis;102295;63,5;64468;29663;9958;9457;4390;1617;4728;4655
26.05.2019;5970;      Siegen-Wittgenstein, Kreis;211301;61,5;129029;37646;26496;22787;8638;5703;13427;14332
26.05.2019;5974;      Soest, Kreis;232462;60,5;139671;46716;25043;29429;9811;5003;11331;12338
26.05.2019;5978;      Unna, Kreis;304843;59,6;180221;43125;45595;37618;10643;7407;17690;18143
26.05.2019;6;  Hessen;4412068;58,4;2553153;657886;469417;598460;164386;111582;252794;298628
26.05.2019;64;    Darmstadt, Regierungsbezirk;2686486;60,3;1603632;405589;268835;402799;111295;70934;151917;192263
26.05.2019;6411;      Darmstadt, Kreisfreie Stadt;107437;66,1;70635;11506;10721;23761;3997;5030;4569;11051
26.05.2019;6412;      Frankfurt am Main, Kreisfreie Stadt;429856;60,1;256933;50517;38729;80382;19895;16790;17316;33304
26.05.2019;6413;      Offenbach am Main, Kreisfreie Stadt;67788;51,5;34607;7050;5629;8937;1916;2520;3500;5055
26.05.2019;6414;      Wiesbaden, Landeshauptstadt, Kreisfreie Stadt;188034;59;110052;27077;19995;27906;7596;5267;9667;12544
26.05.2019;6431;      Bergstraße, Landkreis;198695;60,5;118865;33924;20550;25914;8104;3949;13356;13068
26.05.2019;6432;      Darmstadt-Dieburg, Landkreis;215429;63,3;134750;32986;26378;32722;8316;5527;12508;16313
26.05.2019;6433;      Groß-Gerau, Landkreis;176014;57,3;99674;23762;19965;22748;5332;4544;10435;12888
26.05.2019;6434;      Hochtaunuskreis;164348;65,1;106410;32197;14311;27258;9939;3215;9165;10325
26.05.2019;6435;      Main-Kinzig-Kreis;299123;56,2;166279;43758;29727;34729;10275;6203;20729;20858
26.05.2019;6436;      Main-Taunus-Kreis;165816;64,1;105481;31652;15227;26299;8485;3408;9479;10931
26.05.2019;6437;      Odenwaldkreis;70869;56,3;39327;10485;8636;6970;2536;1717;4560;4423
26.05.2019;6438;      Offenbach, Landkreis;238715;59,8;141325;39264;21128;34684;10089;5217;14225;16718
26.05.2019;6439;      Rheingau-Taunus-Kreis;138642;64,7;88747;26210;15184;20487;6245;2926;8663;9032
26.05.2019;6440;      Wetteraukreis;225720;58,5;130547;35201;22655;30002;8570;4621;13745;15753
26.05.2019;65;    Gießen, Regierungsbezirk;787353;55,7;434105;116714;84631;91275;24173;19097;46176;52039
26.05.2019;6531;      Gießen, Landkreis;200804;57,5;114388;26628;21074;28522;6068;5780;11064;15252
26.05.2019;6532;      Lahn-Dill-Kreis;189854;52,5;98637;28512;19965;17594;5420;3400;11847;11899
26.05.2019;6533;      Limburg-Weilburg, Landkreis;128963;55,3;70530;22646;13003;12937;4514;2140;7821;7469
26.05.2019;6534;      Marburg-Biedenkopf, Landkreis;183183;56,9;103539;25203;20696;24425;5267;6119;9621;12208
26.05.2019;6535;      Vogelsbergkreis;84549;56,4;47011;13725;9893;7797;2904;1658;5823;5211
26.05.2019;66;    Kassel, Regierungsbezirk;938229;55,6;515416;135583;115951;104386;28918;21551;54701;54326
26.05.2019;6611;      Kassel, Kreisfreie Stadt;140438;55,3;76989;13392;14867;23726;3523;6189;5747;9545
26.05.2019;6631;      Fulda, Landkreis;169880;57,1;96070;36798;10911;16882;6246;2896;12312;10025
26.05.2019;6632;      Hersfeld-Rotenburg, Landkreis;93123;55,2;50704;13211;13717;7649;2670;1786;6717;4954
26.05.2019;6633;      Kassel, Landkreis;188527;56,5;105060;24050;30061;21314;5346;4214;10021;10054
26.05.2019;6634;      Schwalm-Eder-Kreis;142375;56;78638;18398;20751;14746;4574;2550;8703;8916
26.05.2019;6635;      Waldeck-Frankenberg, Landkreis;122990;52,2;63608;18496;13981;12282;4287;2063;6481;6018
26.05.2019;6636;      Werra-Meißner-Kreis;80896;55,6;44347;11238;11663;7787;2272;1853;4720;4814
26.05.2019;7;  Rheinland-Pfalz;3072765;64,8;1958395;613470;417183;327704;114371;59835;192851;232981
26.05.2019;71;    Koblenz, Stat. Region;1152661;63,7;721572;245001;151287;114453;45284;21145;65315;79087
26.05.2019;7111;      Koblenz, Kreisfreie Stadt;83969;60,8;50475;14599;9024;12104;2842;1997;3736;6173
26.05.2019;7131;      Ahrweiler, Landkreis;101203;65,9;65841;24456;10771;11930;4508;1709;5224;7243
26.05.2019;7132;      Altenkirchen (Westerwald), Landkreis;100084;60,8;59938;21118;13102;8148;3693;1853;5820;6204
26.05.2019;7133;      Bad Kreuznach, Landkreis;120062;63,8;75266;22504;17855;11872;4827;2336;7705;8167
26.05.2019;7134;      Birkenfeld, Landkreis;63925;58,6;36591;11168;9765;4237;2421;1169;3964;3867
26.05.2019;7135;      Cochem-Zell, Landkreis;48692;68,8;32721;13925;6153;4131;2108;717;2504;3183
26.05.2019;7137;      Mayen-Koblenz, Landkreis;166494;62,2;101929;36737;20891;16503;5955;2578;8675;10590
26.05.2019;7138;      Neuwied, Landkreis;138233;61,9;84357;27819;17879;14067;5113;2604;7703;9172
26.05.2019;7140;      Rhein-Hunsrück-Kreis;80638;68,2;53956;18684;11858;7526;3751;1553;4763;5821
26.05.2019;7141;      Rhein-Lahn-Kreis;94896;65,8;61339;17516;15515;9513;3608;1792;5778;7617
26.05.2019;7143;      Westerwaldkreis;154465;65,3;99159;36475;18474;14422;6458;2837;9443;11050
26.05.2019;72;    Trier, Stat. Region;399362;66,2;259382;89488;59331;41917;14367;8226;18319;27734
26.05.2019;7211;      Trier, Kreisfreie Stadt;80431;60,3;48018;11402;10828;12327;2416;2432;3223;5390
26.05.2019;7231;      Bernkastel-Wittlich, Landkreis;86098;65,1;54856;20367;11559;7377;3691;1522;4197;6143
26.05.2019;7232;      Eifelkreis Bitburg-Prüm;72189;69,3;48821;18773;10433;6823;2872;1252;3355;5313
26.05.2019;7233;      Vulkaneifel, Landkreis;47996;64,1;30086;12511;5869;3897;1895;862;2180;2872
26.05.2019;7235;      Trier-Saarburg, Landkreis;112648;70,2;77601;26435;20642;11493;3493;2158;5364;8016
26.05.2019;73;    Rheinhessen-Pfalz, Stat. Region;1520742;65,4;977441;278981;206565;171334;54720;30464;109217;126160
26.05.2019;7311;      Frankenthal (Pfalz), Kreisfreie Stadt;33348;57,1;18695;5987;3656;2862;990;660;2532;2008
26.05.2019;7312;      Kaiserslautern, Kreisfreie Stadt;71365;54,6;38431;8614;8256;7567;2148;1671;4622;5553
26.05.2019;7313;      Landau in der Pfalz, Kreisfreie Stadt;36257;66,5;23856;6078;4126;6626;1098;993;1881;3054
26.05.2019;7314;      Ludwigshafen am Rhein, Kreisfreie Stadt;102451;54,1;54254;12921;12702;8989;2730;2151;7684;7077
26.05.2019;7315;      Mainz, Kreisfreie Stadt;150251;68,2;101517;23371;18047;29557;5429;4528;5966;14619
26.05.2019;7316;      Neustadt an der Weinstraße, Kreisfreie Stadt;40621;65,3;26219;7822;4433;5350;1555;665;2611;3783
26.05.2019;7317;      Pirmasens, Kreisfreie Stadt;30963;49,8;15058;4945;3352;1414;779;517;2245;1806
26.05.2019;7318;      Speyer, Kreisfreie Stadt;36237;60,6;21674;5842;4532;4784;1039;802;2278;2397
26.05.2019;7319;      Worms, Kreisfreie Stadt;58080;55,4;31661;8878;7316;5302;1611;890;3942;3722
26.05.2019;7320;      Zweibrücken, Kreisfreie Stadt;25997;52,7;13476;3599;3533;1864;627;541;1583;1729
26.05.2019;7331;      Alzey-Worms, Landkreis;98159;67,9;65368;17458;15784;9925;4101;1679;8168;8253
26.05.2019;7332;      Bad Dürkheim, Landkreis;104795;69,9;72195;21501;14734;11909;4598;1755;8223;9475
26.05.2019;7333;      Donnersbergkreis;58275;66,4;37945;9733;9652;4925;2183;1148;4742;5562
26.05.2019;7334;      Germersheim, Landkreis;94398;65,7;60989;19420;11665;8534;3632;1532;8686;7520
26.05.2019;7335;      Kaiserslautern, Landkreis;81200;67,4;53419;16430;12224;6370;2379;1659;6906;7451
26.05.2019;7336;      Kusel, Landkreis;56613;66,6;36747;9392;10245;4082;1606;1287;4989;5146
26.05.2019;7337;      Südliche Weinstraße, Landkreis;87144;71,5;61085;20583;11558;10081;3370;1473;6541;7479
26.05.2019;7338;      Rhein-Pfalz-Kreis;117009;68,9;79501;24852;16039;13142;4847;1896;9531;9194
26.05.2019;7339;      Mainz-Bingen, Landkreis;158871;70,7;110872;32383;23496;22666;6796;3258;9302;12971
26.05.2019;7340;      Südwestpfalz, Landkreis;78708;71,1;54479;19172;11215;5385;3202;1359;6785;7361
26.05.2019;8;  Baden-Württemberg, Land;7747281;64;4872281;1499962;649094;1135696;331512;151619;487436;616962
26.05.2019;81;    Stuttgart, Regierungsbezirk;2823241;64,6;1796033;547786;246519;393745;131858;56396;186576;233153
26.05.2019;8111;      Stuttgart, Landeshauptstadt, Stadtkreis;380985;67,1;253298;60371;34244;71920;20739;12906;18876;34242
26.05.2019;8115;      Böblingen, Landkreis;262708;66,2;171309;53646;22184;37295;13519;4509;17562;22594
26.05.2019;8116;      Esslingen, Landkreis;365828;66,2;238490;71185;32659;55218;17211;7093;22958;32166
26.05.2019;8117;      Göppingen, Landkreis;178436;62,7;109746;33437;15274;22399;7617;2678;13732;14609
26.05.2019;8118;      Ludwigsburg, Landkreis;365970;66,8;241020;71214;33204;54317;17510;7379;23909;33487
26.05.2019;8119;      Rems-Murr-Kreis, Landkreis;297477;64,9;190218;57809;25739;37425;15925;5405;21895;26020
26.05.2019;8121;      Heilbronn, Stadtkreis;77185;55,5;42199;11262;6926;8676;3320;1643;5495;4877
26.05.2019;8125;      Heilbronn, Landkreis;242435;64;151771;46334;21795;28157;11632;3863;19561;20429
26.05.2019;8126;      Hohenlohekreis, Landkreis;82480;62,8;50965;17051;6562;9913;4274;1261;6074;5830
26.05.2019;8127;      Schwäbisch Hall, Landkreis;143275;60,6;85260;26184;11966;18248;6406;2472;9753;10231
26.05.2019;8128;      Main-Tauber-Kreis, Landkreis;101414;66,2;65611;26034;8635;11369;3486;1554;7056;7477
26.05.2019;8135;      Heidenheim, Landkreis;93726;58,3;53526;18605;8335;10740;2477;1570;5471;6328
26.05.2019;8136;      Ostalbkreis, Landkreis;231322;63;142620;54654;18996;28068;7742;4063;14234;14863
26.05.2019;82;    Karlsruhe, Regierungsbezirk;1965040;63,7;1228667;356407;177919;283127;80889;40147;135129;155049
26.05.2019;8211;      Baden-Baden, Stadtkreis;38487;61,7;23403;7488;2884;6027;1775;611;2235;2383
26.05.2019;8212;      Karlsruhe, Stadtkreis;209516;64,6;134056;28275;18182;42429;8352;6760;10787;19271
26.05.2019;8215;      Karlsruhe, Landkreis;323238;64,9;205539;67206;28548;42287;12965;5241;23146;26146
26.05.2019;8216;      Rastatt, Landkreis;167254;62;101135;33912;13855;20869;5779;2455;11743;12522
26.05.2019;8221;      Heidelberg, Stadtkreis;100384;70,1;69865;13007;10378;25322;4298;3789;4303;8768
26.05.2019;8222;      Mannheim, Stadtkreis;199916;58,3;115101;24961;20939;30064;7261;5353;12287;14236
26.05.2019;8225;      Neckar-Odenwald-Kreis, Landkreis;108354;63,7;67316;25669;9902;10523;3726;1602;7940;7954
26.05.2019;8226;      Rhein-Neckar-Kreis, Landkreis;399897;65,9;258090;74431;40809;58990;16599;7952;27721;31588
26.05.2019;8231;      Pforzheim, Stadtkreis;75907;53,2;39626;10662;5517;6984;3013;1433;6995;5022
26.05.2019;8235;      Calw, Landkreis;112394;63,4;70061;24496;8212;12379;5086;1711;9387;8790
26.05.2019;8236;      Enzkreis, Landkreis;143293;65,6;92439;27583;12789;18353;7260;2035;11985;12434
26.05.2019;8237;      Freudenstadt, Landkreis;86400;61,4;52036;18717;5904;8900;4775;1205;6600;5935
26.05.2019;83;    Freiburg, Regierungsbezirk;1624685;62,8;999652;310376;129748;254718;61388;30728;87649;125045
26.05.2019;8311;      Freiburg im Breisgau, Stadtkreis;157789;67,4;105400;17119;14631;40624;4570;6992;5586;15878
26.05.2019;8315;      Breisgau-Hochschwarzwald, Landkreis;193103;67,3;127184;39442;17102;34990;7701;3558;9638;14753
26.05.2019;8316;      Emmendingen, Landkreis;123701;65,5;79162;23443;11928;20137;4668;2209;6466;10311
26.05.2019;8317;      Ortenaukreis, Landkreis;317094;60,9;188590;64859;24592;42851;10226;4346;18858;22858
26.05.2019;8325;      Rottweil, Landkreis;102914;61,7;62164;23180;6914;10693;4739;1260;7203;8175
26.05.2019;8326;      Schwarzwald-Baar-Kreis, Landkreis;149042;58,5;85422;31216;9878;17958;6123;1963;8413;9871
26.05.2019;8327;      Tuttlingen, Landkreis;95213;60,6;56285;21370;5827;10297;4532;1247;6124;6888
26.05.2019;8335;      Konstanz, Landkreis;205147;63,3;127729;37503;15082;36213;8550;4362;10243;15776
26.05.2019;8336;      Lörrach, Landkreis;161560;60,4;95681;26540;14931;24392;6051;3045;8632;12090
26.05.2019;8337;      Waldshut, Landkreis;119122;61,7;72035;25704;8863;16563;4228;1746;6486;8445
26.05.2019;84;    Tübingen, Regierungsbezirk;1334315;64,6;847929;285393;94908;204106;57377;24348;78082;103715
26.05.2019;8415;      Reutlingen, Landkreis;200184;62;122448;37282;15557;27491;12041;3697;13140;13240
26.05.2019;8416;      Tübingen, Landkreis;161993;69,8;111890;27294;15040;35359;6603;5937;8199;13458
26.05.2019;8417;      Zollernalbkreis, Landkreis;138389;59,4;80512;28629;9262;14378;6408;2017;10153;9665
26.05.2019;8421;      Ulm, Stadtkreis;83482;64;52949;13361;7491;16260;3259;1879;3798;6901
26.05.2019;8425;      Alb-Donau-Kreis, Landkreis;140125;67;92163;36102;10051;18797;5426;1772;9144;10871
26.05.2019;8426;      Biberach, Landkreis;146207;64,3;92191;37237;8218;18930;5442;1761;8583;12020
26.05.2019;8435;      Bodenseekreis, Landkreis;158275;66,7;104089;34247;11613;26805;7115;2735;8966;12608
26.05.2019;8436;      Ravensburg, Landkreis;208837;64,1;131814;46741;12389;33803;7429;3360;9979;18113
26.05.2019;8437;      Sigmaringen, Landkreis;96823;63,2;59873;24500;5287;12283;3654;1190;6120;6839
26.05.2019;9;  Bayern;9547924;60,8;5785534;2355067;537723;1102420;197058;137089;492443;963734
26.05.2019;91;    Oberbayern, Regierungsbezirk;3242386;64;2070413;774550;185214;473212;85677;46870;155364;349526
26.05.2019;9161;      Ingolstadt;91126;53;48116;18180;4212;9086;2170;1369;5198;7901
26.05.2019;9162;      München, Landeshauptstadt;928090;65,4;606282;163350;69403;189175;32118;19207;36282;96747
26.05.2019;9163;      Rosenheim;41410;57,3;23657;8480;2227;5184;882;575;2241;4068
26.05.2019;9171;      Altötting, Landkreis;82914;55,8;46187;22900;3589;6449;1151;859;4051;7188
26.05.2019;9172;      Berchtesgadener Land, Landkreis;75243;57,8;43308;20329;3179;7178;1104;848;3802;6868
26.05.2019;9173;      Bad Tölz-Wolfratshausen, Landkreis;93112;63,4;58827;25114;4172;11572;2101;1208;4547;10113
26.05.2019;9174;      Dachau, Landkreis;105723;65,1;68662;27854;5416;12866;2467;1143;5770;13146
26.05.2019;9175;      Ebersberg, Landkreis;100417;68,7;68843;26850;5907;15695;2839;1289;4798;11465
26.05.2019;9176;      Eichstätt, Landkreis;98064;63,6;62220;30148;4817;7698;1659;1008;6022;10868
26.05.2019;9177;      Erding, Landkreis;99996;63,3;63091;26174;4116;11160;2017;1207;5797;12620
26.05.2019;9178;      Freising, Landkreis;121726;63,7;77310;28108;5738;16738;2737;1748;6414;15827
26.05.2019;9179;      Fürstenfeldbruck, Landkreis;155179;67,4;104289;39135;9798;23606;4130;2102;7694;17824
26.05.2019;9180;      Garmisch-Partenkirchen, Landkreis;65722;63,1;41307;19278;2514;6785;1418;658;3532;7122
26.05.2019;9181;      Landsberg am Lech, Landkreis;90787;66,5;60226;23196;4363;14416;2118;1269;4381;10483
26.05.2019;9182;      Miesbach, Landkreis;73516;65,1;47743;21486;3435;8519;1907;751;3538;8107
26.05.2019;9183;      Mühldorf a.Inn, Landkreis;85802;57;48747;23591;2846;6372;1298;846;5008;8786
26.05.2019;9184;      München, Landkreis;238218;70,7;168143;63227;16817;39977;8666;3015;11249;25192
26.05.2019;9185;      Neuburg-Schrobenhausen, Landkreis;72036;55,5;39875;19694;2427;4974;962;639;3669;7510
26.05.2019;9186;      Pfaffenhofen a.d.Ilm, Landkreis;93530;59,7;55678;24951;4107;8225;1790;947;5752;9906
26.05.2019;9187;      Rosenheim, Landkreis;195791;63,1;123223;53763;8768;22753;4078;2020;10275;21566
26.05.2019;9188;      Starnberg, Landkreis;97203;71,9;69788;25959;6009;18054;4038;1226;4495;10007
26.05.2019;9189;      Traunstein, Landkreis;134120;59,4;79477;35971;6081;14772;2035;1558;6002;13058
26.05.2019;9190;      Weilheim-Schongau, Landkreis;102661;63,9;65414;26812;5273;11958;1992;1378;4847;13154
26.05.2019;92;    Niederbayern, Regierungsbezirk;938879;55,1;516182;275489;31674;55381;12065;8455;53437;79681
26.05.2019;9261;      Landshut;49256;58,5;28729;11819;2158;5668;1139;733;2552;4660
26.05.2019;9262;      Passau;38257;58,7;22411;9307;1932;4524;806;614;1824;3404
26.05.2019;9263;      Straubing;34121;50,1;17033;8669;1132;1981;408;410;1993;2440
26.05.2019;9271;      Deggendorf, Landkreis;91964;51,2;46994;25300;2907;4657;1062;735;5359;6974
26.05.2019;9272;      Freyung-Grafenau, Landkreis;63757;49,7;31639;18113;1842;2446;571;448;3627;4592
26.05.2019;9273;      Kelheim, Landkreis;88551;60;52991;29891;3150;5521;1028;814;4731;7856
26.05.2019;9274;      Landshut, Landkreis;118913;61,6;73071;37043;3965;8644;1882;1086;7140;13311
26.05.2019;9275;      Passau, Landkreis;150646;52,9;79447;43161;5523;7714;1777;1285;8401;11586
26.05.2019;9276;      Regen, Landkreis;62104;47,6;29497;16146;1955;2303;576;460;3936;4121
26.05.2019;9277;      Rottal-Inn, Landkreis;92148;54,4;50006;27909;2752;5141;1096;755;4664;7689
26.05.2019;9278;      Straubing-Bogen, Landkreis;77829;58,8;45678;26820;2028;3601;810;559;4828;7032
26.05.2019;9279;      Dingolfing-Landau, Landkreis;71333;54,4;38686;21311;2330;3181;910;556;4382;6016
26.05.2019;93;    Oberpfalz, Regierungsbezirk;853684;58,7;499785;229809;43876;68543;11919;10510;48427;86701
26.05.2019;9361;      Amberg;32373;52,2;16844;6682;2098;2690;483;486;1842;2563
26.05.2019;9362;      Regensburg;106300;60,6;64246;20570;5589;17573;2306;2306;4576;11326
26.05.2019;9363;      Weiden i.d.OPf.;32545;52,3;16961;6899;2214;2518;579;505;1818;2428
26.05.2019;9371;      Amberg-Sulzbach, Landkreis;81933;60,3;49236;21848;5871;5825;1135;955;4705;8897
26.05.2019;9372;      Cham, Landkreis;102050;53,2;54141;28712;2802;4491;891;767;6546;9932
26.05.2019;9373;      Neumarkt i.d.OPf., Landkreis;101502;63;63846;32256;3929;8850;1457;1272;5406;10676
26.05.2019;9374;      Neustadt a.d.Waldnaab, Landkreis;75822;58,7;44332;21420;5193;4386;986;774;4367;7206
26.05.2019;9375;      Regensburg, Landkreis;147691;62,5;92081;43058;6510;12911;2114;1661;8832;16995
26.05.2019;9376;      Schwandorf, Landkreis;114507;55,6;63533;30278;6302;6093;1301;1236;7421;10902
26.05.2019;9377;      Tirschenreuth, Landkreis;58961;58,8;34565;18086;3368;3206;667;548;2914;5776
26.05.2019;94;    Oberfranken, Regierungsbezirk;841077;58,3;488983;204231;57790;75580;14917;11060;46182;79223
26.05.2019;9461;      Bamberg;55702;60,4;33524;10162;3234;9537;1191;1371;2621;5408
26.05.2019;9462;      Bayreuth;57162;56,6;32305;10646;3837;7628;1715;933;2426;5120
26.05.2019;9463;      Coburg;31595;56,5;17791;5934;2509;4065;682;582;1352;2667
26.05.2019;9464;      Hof;33055;49,9;16435;6226;2348;2384;592;485;1926;2474
26.05.2019;9471;      Bamberg, Landkreis;116313;60,5;70187;31770;5635;9497;2292;1290;7933;11770
26.05.2019;9472;      Bayreuth, Landkreis;84304;59,8;50318;22991;5612;6845;1284;910;4269;8407
26.05.2019;9473;      Coburg, Landkreis;69832;57,3;39894;16526;5802;5626;1091;836;3555;6458
26.05.2019;9474;      Forchheim, Landkreis;90648;63,8;57732;24369;5207;9967;1818;1252;4968;10151
26.05.2019;9475;      Hof, Landkreis;76879;56,9;43627;18790;6540;4741;1144;860;4528;7024
26.05.2019;9476;      Kronach, Landkreis;54955;56,7;31028;14769;4644;3113;680;603;2896;4323
26.05.2019;9477;      Kulmbach, Landkreis;58900;57,4;33722;14217;4463;4787;894;675;3218;5468
26.05.2019;9478;      Lichtenfels, Landkreis;53699;57,7;30891;14664;3090;3859;745;573;3062;4898
26.05.2019;9479;      Wunsiedel i.Fichtelgebirge, Landkreis;58033;54,6;31529;13167;4869;3531;789;690;3428;5055
26.05.2019;95;    Mittelfranken, Regierungsbezirk;1282070;61,2;782335;281973;90368;166460;24445;26377;65398;127314
26.05.2019;9561;      Ansbach;30644;54;16474;5590;1891;3383;504;608;1683;2815
26.05.2019;9562;      Erlangen;77514;66,5;51422;14136;6222;14870;2151;2151;3041;8851
26.05.2019;9563;      Fürth;86896;56,5;48952;13687;6914;12144;1694;2406;4348;7759
26.05.2019;9564;      Nürnberg;342881;58,7;200652;60582;25941;48464;6862;9649;17661;31493
26.05.2019;9565;      Schwabach;30044;59,7;17869;6428;2200;4037;583;520;1508;2593
26.05.2019;9571;      Ansbach, Landkreis;140434;59,1;82829;35857;7498;13660;2248;2078;6957;14531
26.05.2019;9572;      Erlangen-Höchstadt, Landkreis;103993;66,5;68965;25955;7638;15265;2391;1660;5296;10760
26.05.2019;9573;      Fürth, Landkreis;91862;64,8;59396;22181;7306;12093;1780;1557;5563;8916
26.05.2019;9574;      Nürnberger Land, Landkreis;130181;65,3;84734;32412;9755;16989;2284;2238;7088;13968
26.05.2019;9575;      Neustadt a.d.Aisch-Bad Windsheim, Landkreis;77458;61,2;47255;20168;4516;7645;1324;1178;3787;8637
26.05.2019;9576;      Roth, Landkreis;98021;63,1;61678;25935;6261;11047;1664;1404;5260;10107
26.05.2019;9577;      Weißenburg-Gunzenhausen, Landkreis;72142;58,6;42109;19042;4226;6863;960;928;3206;6884
26.05.2019;96;    Unterfranken, Regierungsbezirk;1018142;61,7;625575;259201;65672;115232;21671;16134;51056;96609
26.05.2019;9661;      Aschaffenburg;50032;56,5;28126;9236;3196;6548;1255;1029;2517;4345
26.05.2019;9662;      Schweinfurt;37301;48,5;17994;6393;2512;3022;606;861;2078;2522
26.05.2019;9663;      Würzburg;98961;63,2;62364;18068;6512;19475;2834;2431;3692;9352
26.05.2019;9671;      Aschaffenburg, Landkreis;133359;62,4;82806;32619;9308;15407;3403;1907;7486;12676
26.05.2019;9672;      Bad Kissingen, Landkreis;83393;60,1;49923;24213;4218;6868;1508;1262;4524;7330
26.05.2019;9673;      Rhön-Grabfeld, Landkreis;63683;59,4;37698;18684;2999;5651;1085;920;2850;5509
26.05.2019;9674;      Haßberge, Landkreis;68076;60,8;41268;18972;4229;5294;1139;978;3867;6789
26.05.2019;9675;      Kitzingen, Landkreis;69339;61,6;42574;17793;4202;6920;1345;956;3447;7911
26.05.2019;9676;      Miltenberg, Landkreis;95625;59,7;56777;23471;6387;9494;2011;1352;4661;9401
26.05.2019;9677;      Main-Spessart, Landkreis;99845;63,2;62853;27794;6997;10240;1679;1249;4917;9977
26.05.2019;9678;      Schweinfurt, Landkreis;91257;62,5;56805;26229;5417;8583;1728;1348;5026;8474
26.05.2019;9679;      Würzburg, Landkreis;127271;68,1;86387;35729;9695;17730;3078;1841;5991;12323
26.05.2019;97;    Schwaben, Regierungsbezirk;1371686;58,7;802261;329814;63129;148012;26364;17683;72579;144680
26.05.2019;9761;      Augsburg;190297;55,6;105384;32368;10642;27011;3837;4085;9421;18020
26.05.2019;9762;      Kaufbeuren;31409;52,4;16402;6257;1422;3365;508;553;1676;2621
26.05.2019;9763;      Kempten (Allgäu);48801;56,3;27370;9027;2326;6009;1158;805;2545;5500
26.05.2019;9764;      Memmingen;29480;57,4;16812;6238;1761;2925;620;451;1683;3134
26.05.2019;9771;      Aichach-Friedberg, Landkreis;101054;63,2;63643;28672;4575;10564;1995;980;6036;10821
26.05.2019;9772;      Augsburg, Landkreis;188792;60,3;113439;47461;8990;20165;3605;2080;10529;20609
26.05.2019;9773;      Dillingen a.d.Donau, Landkreis;72685;54,7;39660;18242;2859;5345;1215;602;4457;6940
26.05.2019;9774;      Günzburg, Landkreis;90250;54,2;48781;22044;3485;6919;1528;885;5322;8598
26.05.2019;9775;      Neu-Ulm, Landkreis;124023;55,9;69099;26523;6630;13381;2957;1604;6965;11039
26.05.2019;9776;      Lindau (Bodensee), Landkreis;60124;61,8;37013;13873;3023;8863;1308;1025;2454;6467
26.05.2019;9777;      Ostallgäu, Landkreis;106144;61,5;65125;29243;4198;11561;1817;1282;4789;12235
26.05.2019;9778;      Unterallgäu, Landkreis;108873;58,9;63916;28551;3810;9316;2026;1100;6401;12712
26.05.2019;9779;      Donau-Ries, Landkreis;100343;59;59068;29819;4771;8139;1499;980;4828;9032
26.05.2019;9780;      Oberallgäu, Landkreis;119411;64,3;76549;31496;4637;14449;2291;1251;5473;16952
26.05.2019;10;  Saarland;767452;66,4;498764;161897;115183;65758;18472;29785;48057;59612
26.05.2019;10041;      Saarbrücken, Regionalverband;243243;61,5;147080;41662;33218;23503;5780;9989;13599;19329
26.05.2019;10041100;      Saarbrücken, Landeshauptstadt;126498;58,9;73501;18081;15656;15218;3060;5369;6107;10010
26.05.2019;10042;      Merzig-Wadern, Landkreis;79282;69,7;53919;19894;12157;6290;2087;2988;4792;5711
26.05.2019;10043;      Neunkirchen, Landkreis;105049;65,1;66848;21543;16980;7217;2332;4235;7115;7426
26.05.2019;10044;      Saarlouis, Landkreis;153711;67,4;101190;34002;23988;11971;3627;6046;9825;11731
26.05.2019;10045;      Saarpfalz-Kreis;113837;69,4;77321;24068;16478;11073;3105;4265;8556;9776
26.05.2019;10046;      St. Wendel, Landkreis;72330;74,4;52406;20728;12362;5704;1541;2262;4170;5639
26.05.2019;11;  Berlin;2508435;60,6;1507357;229352;211717;419377;71576;179943;149177;246215
26.05.2019;11001001;      Berlin-Mitte;210118;60,8;126795;13413;17045;43276;5835;15949;8173;23104
26.05.2019;11002002;      Berlin-Friedrichshain-Kreuzberg;174282;67,3;116694;6681;12268;47036;3064;18559;4629;24457
26.05.2019;11003003;      Berlin-Pankow;288978;65,6;188381;19246;23189;58980;6672;28835;17988;33471
26.05.2019;11004004;      Berlin-Charlottenburg-Wilmersdorf;221319;66,2;145502;27320;23662;47525;10120;8816;10248;17811
26.05.2019;11005005;      Berlin-Spandau;162066;53,5;85524;19322;15112;17514;4880;4971;10636;13089
26.05.2019;11006006;      Berlin-Steglitz-Zehlendorf;221217;69;151693;34851;23593;45888;11122;7139;11355;17745
26.05.2019;11007007;      Berlin-Tempelhof-Schöneberg;236121;63,1;147639;26294;22810;47969;7498;10357;11714;20997
26.05.2019;11008008;      Berlin-Neukölln;202641;55,7;111672;17742;16213;30628;4258;12026;10090;20715
26.05.2019;11009009;      Berlin-Treptow-Köpenick;207347;59,6;122319;14677;16017;24564;4741;22717;17566;22037
26.05.2019;11010010;      Berlin-Marzahn-Hellersdorf;199728;49,4;97321;13095;11919;12759;3429;20451;18515;17153
26.05.2019;11011011;      Berlin-Lichtenberg;203786;54,7;110266;11546;13475;20203;3564;24921;15628;20929
26.05.2019;11012012;      Berlin-Reinickendorf;180832;57,9;103551;25165;16414;23035;6393;5202;12635;14707
26.05.2019;12;  Brandenburg;2048606;59,5;1197448;215523;206259;147224;52762;147670;238417;189593
26.05.2019;12051;      Brandenburg an der Havel, Kreisfreie Stadt;58801;48,7;28184;5517;5007;3886;1031;3278;4909;4556
26.05.2019;12052;      Cottbus, Kreisfreie Stadt;78559;57,3;44295;7179;7057;4327;2180;5576;10911;7065
26.05.2019;12053;      Frankfurt (Oder), Kreisfreie Stadt;44982;51,1;22645;3817;3168;2535;974;4177;4698;3276
26.05.2019;12054;      Potsdam, Kreisfreie Stadt;135094;63,9;85551;10733;15230;19813;3698;12502;9322;14253
26.05.2019;12060;      Barnim, Landkreis;151574;58,6;87434;14420;13267;10792;3294;13074;17216;15371
26.05.2019;12061;      Dahme-Spreewald, Landkreis;136836;63,1;84693;15148;14191;10181;3731;9904;17545;13993
26.05.2019;12062;      Elbe-Elster, Landkreis;86352;60,2;50737;11455;8034;3083;2322;5230;12538;8075
26.05.2019;12063;      Havelland, Landkreis;131243;59,5;77038;15158;13531;11786;3629;7643;13798;11493
26.05.2019;12064;      Märkisch-Oderland, Landkreis;159898;59,5;93509;15116;14538;10237;4129;14383;19763;15343
26.05.2019;12065;      Oberhavel, Landkreis;172533;61,2;103936;19391;18401;14385;4722;11380;19441;16216
26.05.2019;12066;      Oberspreewald-Lausitz, Landkreis;92588;56,8;51391;9840;8918;2951;2194;5932;13596;7960
26.05.2019;12067;      Oder-Spree, Landkreis;148367;59,1;86138;13944;14108;8455;3847;11529;19212;15043
26.05.2019;12068;      Ostprignitz-Ruppin, Landkreis;82700;53,5;43414;8866;8897;4801;1571;5508;7822;5949
26.05.2019;12069;      Potsdam-Mittelmark, Landkreis;172790;65,9;111992;21752;20940;19140;5755;11415;16468;16522
26.05.2019;12070;      Prignitz, Landkreis;64169;55,8;35153;7441;7459;2889;1554;4101;6730;4979
26.05.2019;12071;      Spree-Neiße, Landkreis;96700;61,4;58112;10485;9070;3683;2800;5962;17945;8167
26.05.2019;12072;      Teltow-Fläming, Landkreis;135562;60;79877;14179;14256;9957;3485;9093;15401;13506
26.05.2019;12073;      Uckermark, Landkreis;99858;54,5;53349;11082;10187;4323;1846;6983;11102;7826
26.05.2019;13;  Mecklenburg-Vorpommern;1316161;58,4;753615;184894;117297;81285;29235;104952;133205;102747
26.05.2019;13001;      Kreisfreie Stadt Greifswald, Hansestadt;-;-;-;-;-;-;-;-;-;-
26.05.2019;13002;      Kreisfreie Stadt Neubrandenburg, Stadt;-;-;-;-;-;-;-;-;-;-
26.05.2019;13003;      Kreisfreie Stadt Rostock, Hansestadt;168169;60,1;99675;17268;16635;17632;3581;16747;12351;15461
26.05.2019;13004;      Kreisfreie Stadt Schwerin, Landeshauptstadt;75984;59;44302;8650;8221;6137;1842;6606;6986;5860
26.05.2019;13005;      Kreisfreie Stadt Stralsund, Hansestadt;-;-;-;-;-;-;-;-;-;-
26.05.2019;13006;      Kreisfreie Stadt Wismar, Hansestadt;-;-;-;-;-;-;-;-;-;-
26.05.2019;13051;      Landkreis Bad Doberan;-;-;-;-;-;-;-;-;-;-
26.05.2019;13052;      Landkreis Demmin;-;-;-;-;-;-;-;-;-;-
26.05.2019;13053;      Landkreis Güstrow;-;-;-;-;-;-;-;-;-;-
26.05.2019;13054;      Landkreis Ludwigslust;-;-;-;-;-;-;-;-;-;-
26.05.2019;13055;      Landkreis Mecklenburg-Strelitz;-;-;-;-;-;-;-;-;-;-
26.05.2019;13056;      Landkreis Müritz;-;-;-;-;-;-;-;-;-;-
26.05.2019;13057;      Landkreis Nordvorpommern;-;-;-;-;-;-;-;-;-;-
26.05.2019;13058;      Landkreis Nordwestmecklenburg;-;-;-;-;-;-;-;-;-;-
26.05.2019;13059;      Landkreis Ostvorpommern;-;-;-;-;-;-;-;-;-;-
26.05.2019;13060;      Landkreis Parchim;-;-;-;-;-;-;-;-;-;-
26.05.2019;13061;      Landkreis Rügen;-;-;-;-;-;-;-;-;-;-
26.05.2019;13062;      Landkreis Uecker-Randow;-;-;-;-;-;-;-;-;-;-
26.05.2019;13071;      Landkreis Mecklenburgische Seenplatte;215869;55,1;116497;30486;16235;9622;4446;18042;22803;14863
26.05.2019;13072;      Landkreis Rostock;175793;61,2;105465;27814;16762;10752;4239;13537;18147;14214
26.05.2019;13073;      Landkreis Vorpommern-Rügen;185938;55,5;100820;29362;11764;9459;3867;13477;19721;13170
26.05.2019;13074;      Landkreis Nordwestmecklenburg;127880;60,3;75452;17240;14920;9175;2819;9755;11945;9598
26.05.2019;13075;      Landkreis Vorpommern-Greifswald;193787;57,7;109202;28181;13228;9952;4247;13211;23749;16634
26.05.2019;13076;      Landkreis Ludwigslust-Parchim;172741;60,5;102202;25893;19532;8556;4194;13577;17503;12947
26.05.2019;14;  Sachsen;3301120;63,6;2059812;474730;176956;212407;96565;240288;520668;338198
26.05.2019;141;    Chemnitz, Regierungsbezirk;-;-;-;-;-;-;-;-;-;-
26.05.2019;14161;      Chemnitz, Kreisfreie Stadt;-;-;-;-;-;-;-;-;-;-
26.05.2019;14166;      Plauen, Kreisfreie Stadt;-;-;-;-;-;-;-;-;-;-
26.05.2019;14167;      Zwickau, Kreisfreie Stadt;-;-;-;-;-;-;-;-;-;-
26.05.2019;14171;      Annaberg, Landkreis;-;-;-;-;-;-;-;-;-;-
26.05.2019;14173;      Chemnitzer Land, Landkreis;-;-;-;-;-;-;-;-;-;-
26.05.2019;14177;      Freiberg, Landkreis;-;-;-;-;-;-;-;-;-;-
26.05.2019;14178;      Vogtlandkreis;-;-;-;-;-;-;-;-;-;-
26.05.2019;14181;      Mittlerer Erzgebirgskreis;-;-;-;-;-;-;-;-;-;-
26.05.2019;14182;      Mittweida, Landkreis;-;-;-;-;-;-;-;-;-;-
26.05.2019;14188;      Stollberg, Landkreis;-;-;-;-;-;-;-;-;-;-
26.05.2019;14191;      Aue-Schwarzenberg, Landkreis;-;-;-;-;-;-;-;-;-;-
26.05.2019;14193;      Zwickauer Land, Landkreis;-;-;-;-;-;-;-;-;-;-
26.05.2019;142;    Dresden, Regierungsbezirk;-;-;-;-;-;-;-;-;-;-
26.05.2019;14262;      Dresden, Kreisfreie Stadt;-;-;-;-;-;-;-;-;-;-
26.05.2019;14263;      Görlitz, Kreisfreie Stadt;-;-;-;-;-;-;-;-;-;-
26.05.2019;14264;      Hoyerswerda, Kreisfreie Stadt;-;-;-;-;-;-;-;-;-;-
26.05.2019;14272;      Bautzen, Landkreis;-;-;-;-;-;-;-;-;-;-
26.05.2019;14280;      Meißen, Landkreis;-;-;-;-;-;-;-;-;-;-
26.05.2019;14284;      Niederschlesischer Oberlausitzkreis;-;-;-;-;-;-;-;-;-;-
26.05.2019;14285;      Riesa-Großenhain, Landkreis;-;-;-;-;-;-;-;-;-;-
26.05.2019;14286;      Löbau-Zittau, Landkreis;-;-;-;-;-;-;-;-;-;-
26.05.2019;14287;      Sächsische Schweiz, Landkreis;-;-;-;-;-;-;-;-;-;-
26.05.2019;14290;      Weißeritzkreis;-;-;-;-;-;-;-;-;-;-
26.05.2019;14292;      Kamenz, Landkreis;-;-;-;-;-;-;-;-;-;-
26.05.2019;143;    Leipzig, Regierungsbezirk;-;-;-;-;-;-;-;-;-;-
26.05.2019;14365;      Leipzig, Kreisfreie Stadt;-;-;-;-;-;-;-;-;-;-
26.05.2019;14374;      Delitzsch, Landkreis;-;-;-;-;-;-;-;-;-;-
26.05.2019;14375;      Döbeln, Landkreis;-;-;-;-;-;-;-;-;-;-
26.05.2019;14379;      Leipziger Land, Landkreis;-;-;-;-;-;-;-;-;-;-
26.05.2019;14383;      Muldentalkreis;-;-;-;-;-;-;-;-;-;-
26.05.2019;14389;      Torgau-Oschatz, Landkreis;-;-;-;-;-;-;-;-;-;-
26.05.2019;145;    Chemnitz, Stat. Region;1181801;62,6;724114;185465;63852;52030;34756;84856;187564;115591
26.05.2019;14511;      Chemnitz, Stadt;193089;62,4;118955;23868;12314;13317;6133;16515;27980;18828
26.05.2019;14521;      Erzgebirgskreis;283006;64,3;177420;48621;13628;9430;7938;18887;49827;29089
26.05.2019;14522;      Mittelsachsen, Landkreis;251968;64,2;158397;42234;12493;9898;7384;16819;45066;24503
26.05.2019;14523;      Vogtlandkreis;189613;61,1;113416;29904;11234;8194;5502;13797;27082;17703
26.05.2019;14524;      Zwickau, Landkreis;264125;60,4;155926;40838;14183;11191;7799;18838;37609;25468
26.05.2019;146;    Dresden, Stat. Region;1288718;66,2;837291;186477;61280;87971;39861;90126;232869;138707
26.05.2019;14612;      Dresden, Stadt;428979;68,6;291417;54477;24539;51485;14684;36287;57588;52357
26.05.2019;14625;      Bautzen, Landkreis;249292;65,2;158389;39296;10874;8986;7834;16218;50797;24384
26.05.2019;14626;      Görlitz, Landkreis;209406;63,5;129644;32282;8510;8215;4837;13039;41988;20773
26.05.2019;14627;      Meißen, Landkreis;199321;64,4;125699;29621;9015;9993;6338;12327;39018;19387
26.05.2019;14628;      Sächsische Schweiz-Osterzgebirge, Landkreis;201720;66,9;132142;30801;8342;9292;6168;12255;43478;21806
26.05.2019;147;    Leipzig, Stat. Region;830601;61;498407;102788;51824;72406;21948;65306;100235;83900
26.05.2019;14713;      Leipzig, Stadt;454329;61,6;276495;44611;29478;55819;11631;41364;42954;50638
26.05.2019;14729;      Leipzig, Landkreis;213888;61,8;129380;34424;12920;10310;5959;13918;32594;19255
26.05.2019;14730;      Nordsachsen, Landkreis;162384;58,4;92532;23753;9426;6277;4358;10024;24687;14007
26.05.2019;15;  Sachsen-Anhalt;1826337;54,7;975514;226438;122443;89345;47742;140082;198684;150780
26.05.2019;15001;      Dessau-Roßlau, Kreisfreie Stadt;66949;54,5;35714;8288;4400;3754;1789;4937;7303;5243
26.05.2019;15002;      Halle (Saale), Kreisfreie Stadt;185329;57,7;105377;18783;11965;17907;5462;16456;16930;17874
26.05.2019;15003;      Magdeburg, Kreisfreie Stadt;188108;54,7;101200;19188;14518;14670;4633;15170;16283;16738
26.05.2019;15081;      Altmarkkreis Salzwedel;69354;56,2;38088;9374;5410;3339;1691;6263;6538;5473
26.05.2019;15082;      Anhalt-Bitterfeld, Landkreis;135013;53,1;69897;17382;8225;4537;3256;9949;15786;10762
26.05.2019;15083;      Börde, Landkreis;142547;53,5;74541;19072;10302;5605;3565;9456;15221;11320
26.05.2019;15084;      Burgenlandkreis;148580;55,5;80258;18973;8803;4930;3975;10738;19749;13090
26.05.2019;15085;      Harz, Landkreis;182756;53,5;95437;25440;12593;8723;4079;13851;17111;13640
26.05.2019;15086;      Jerichower Land, Landkreis;75723;54,8;40346;10153;5602;3282;1951;5802;7831;5725
26.05.2019;15087;      Mansfeld-Südharz, Landkreis;115994;53,7;60537;13623;7345;3195;3076;9239;15312;8747
26.05.2019;15088;      Saalekreis;154540;57,1;85953;20518;9383;5886;5243;11362;20915;12646
26.05.2019;15089;      Salzlandkreis;161192;50;78452;19223;9814;5326;4147;11589;16992;11361
26.05.2019;15090;      Stendal, Landkreis;93514;54,4;49798;11632;6939;4103;2430;7543;9638;7513
26.05.2019;15091;      Wittenberg, Landkreis;106738;57,6;59916;14789;7144;4088;2445;7727;13075;10648
26.05.2019;151;    Dessau, Stat. Region;-;-;-;-;-;-;-;-;-;-
26.05.2019;15101;      Dessau, Kreisfreie Stadt;-;-;-;-;-;-;-;-;-;-
26.05.2019;15151;      Anhalt-Zerbst, Kreis;-;-;-;-;-;-;-;-;-;-
26.05.2019;15153;      Bernburg, Kreis;-;-;-;-;-;-;-;-;-;-
26.05.2019;15154;      Bitterfeld, Kreis;-;-;-;-;-;-;-;-;-;-
26.05.2019;15159;      Köthen, Kreis;-;-;-;-;-;-;-;-;-;-
26.05.2019;15171;      Wittenberg, Kreis;-;-;-;-;-;-;-;-;-;-
26.05.2019;152;    Halle, Stat. Region;-;-;-;-;-;-;-;-;-;-
26.05.2019;15202;      Halle (Saale), Kreisfreie Stadt;-;-;-;-;-;-;-;-;-;-
26.05.2019;15256;      Burgenlandkreis;-;-;-;-;-;-;-;-;-;-
26.05.2019;15260;      Mansfelder Land, Kreis;-;-;-;-;-;-;-;-;-;-
26.05.2019;15261;      Merseburg-Querfurt, Kreis;-;-;-;-;-;-;-;-;-;-
26.05.2019;15265;      Saalkreis;-;-;-;-;-;-;-;-;-;-
26.05.2019;15266;      Sangerhausen, Kreis;-;-;-;-;-;-;-;-;-;-
26.05.2019;15268;      Weißenfels, Kreis;-;-;-;-;-;-;-;-;-;-
26.05.2019;153;    Magdeburg, Stat. Region;-;-;-;-;-;-;-;-;-;-
26.05.2019;15303;      Magdeburg, Kreisfreie Stadt;-;-;-;-;-;-;-;-;-;-
26.05.2019;15352;      Aschersleben-Staßfurt, Kreis;-;-;-;-;-;-;-;-;-;-
26.05.2019;15355;      Bördekreis;-;-;-;-;-;-;-;-;-;-
26.05.2019;15357;      Halberstadt, Kreis;-;-;-;-;-;-;-;-;-;-
26.05.2019;15358;      Jerichower Land, Kreis;-;-;-;-;-;-;-;-;-;-
26.05.2019;15362;      Ohrekreis;-;-;-;-;-;-;-;-;-;-
26.05.2019;15363;      Stendal, Kreis;-;-;-;-;-;-;-;-;-;-
26.05.2019;15364;      Quedlinburg, Kreis;-;-;-;-;-;-;-;-;-;-
26.05.2019;15367;      Schönebeck, Kreis;-;-;-;-;-;-;-;-;-;-
26.05.2019;15369;      Wernigerode, Kreis;-;-;-;-;-;-;-;-;-;-
26.05.2019;15370;      Altmarkkreis Salzwedel, Kreis;-;-;-;-;-;-;-;-;-;-
26.05.2019;16;  Thüringen;1740866;61,5;1050221;259817;115583;90409;45715;144866;236579;157252
26.05.2019;16051;      Erfurt, krsfr. Stadt;165659;60,7;99173;19565;12137;14638;4678;15662;16672;15821
26.05.2019;16052;      Gera, krsfr. Stadt;76771;56,8;42876;7806;3961;3048;1855;7421;12698;6087
26.05.2019;16053;      Jena, krsfr. Stadt;82364;65;52943;8324;6368;10779;3444;8292;6738;8998
26.05.2019;16054;      Suhl, krsfr. Stadt;30717;56,5;17059;4240;1942;1425;553;3333;3146;2420
26.05.2019;16055;      Weimar, krsfr. Stadt;49921;63;31057;6223;3556;6027;1278;4675;4350;4948
26.05.2019;16056;      Eisenach, krsfr. Stadt;33008;59,5;19341;3873;2436;1999;833;2877;3874;3449
26.05.2019;16061;      Eichsfeld, Kreis;80973;65,9;52391;21896;4317;3852;2226;3782;9786;6532
26.05.2019;16062;      Nordhausen, Kreis;69807;58,9;40290;9332;5373;3015;1799;6489;8992;5290
26.05.2019;16063;      Wartburgkreis;98890;62,6;60538;16902;6564;3966;2320;7787;13890;9109
26.05.2019;16064;      Unstrut-Hainich-Kreis;84351;59,5;49109;13180;5844;3402;2199;6073;11351;7060
26.05.2019;16065;      Kyffhäuserkreis;63063;59,5;36446;8740;4903;1707;1340;5896;8471;5389
26.05.2019;16066;      Schmalkalden-Meiningen, Kreis;104437;61,2;62427;16264;8279;4357;2463;8222;13895;8947
26.05.2019;16067;      Gotha, Kreis;107910;59,9;63190;15260;8949;4762;2462;7840;14385;9532
26.05.2019;16068;      Sömmerda, Kreis;57450;61,2;34323;9493;3093;2087;1501;4687;8493;4969
26.05.2019;16069;      Hildburghausen, Kreis;52476;64,6;33195;8528;3325;1855;1080;4660;8030;5717
26.05.2019;16070;      Ilm-Kreis;85619;63,4;53192;12000;5426;4465;2229;7262;13419;8391
26.05.2019;16071;      Weimarer Land, Kreis;66547;65,8;42853;11837;3720;3236;1959;4960;10449;6692
26.05.2019;16072;      Sonneberg, Kreis;48378;57,5;27283;7146;2596;1696;889;4045;7206;3705
26.05.2019;16073;      Saalfeld-Rudolstadt, Kreis;88342;61;52848;12180;5596;3328;2422;6817;14592;7913
26.05.2019;16074;      Saale-Holzland-Kreis;68278;66,1;44098;11366;3966;3183;2310;6282;10210;6781
26.05.2019;16075;      Saale-Orla-Kreis;67029;63,4;41630;10429;3791;2253;1946;5713;11264;6234
26.05.2019;16076;      Greiz, Kreis;82940;64,1;52058;14559;4859;3031;2288;6427;13297;7597
26.05.2019;16077;      Altenburger Land, Kreis;75936;56,6;41901;10674;4582;2298;1641;5664;11371;5671
__________;;;;;;;;;;;;